CouchBase;Memcached;Mongo;Orient;Redis;Riak;;CouchBase;Memcached;Mongo;Orient;Redis;Riak
520;10;6680;21900;50;23570;Min;250,00;0,00;0,00;800,00;0,00;18670,00
580;10;6070;9110;30;24440;Max;1380,00;240,00;18870,00;21900,00;990,00;336650,00
500;80;7140;6910;40;25000;Mediana;500,00;20,00;2050,00;1580,00;60,00;27750,00
470;20;7680;10970;100;20700;Œrednia;528,42;22,47;2828,35;1983,50;82,71;29012,57
550;10;5230;6880;20;23320;Odchylenie;106,34;15,65;2074,31;781,33;50,99;3504,64
630;20;5460;15590;70;21460;;;;;;;
440;0;5110;7330;80;20740;;;;;;;
540;0;4000;5840;40;21020;;;;;;;
570;20;5800;5930;10;19060;;;;;;;
390;20;9390;6770;30;19990;;;;;;;
660;70;6630;6970;130;22120;;;;;;;
740;20;5320;8430;260;23850;;;;;;;
730;30;7040;4010;60;28280;;;;;;;
630;0;5320;2540;220;19480;;;;;;;
640;10;5280;5170;110;21350;;;;;;;
460;20;5120;6180;90;22550;;;;;;;
630;0;3870;7150;50;24330;;;;;;;
490;30;5200;6620;50;29620;;;;;;;
510;30;9050;7480;40;33310;;;;;;;
560;10;6310;7720;30;30080;;;;;;;
490;10;6010;3940;120;29490;;;;;;;
410;30;6310;6180;70;30480;;;;;;;
520;10;4640;4020;20;34650;;;;;;;
490;10;8930;2850;70;40070;;;;;;;
640;0;7700;2470;50;28570;;;;;;;
580;30;5420;2550;40;30240;;;;;;;
530;10;5490;2720;50;29290;;;;;;;
640;40;6590;1720;120;28700;;;;;;;
690;0;6390;1610;40;27400;;;;;;;
600;80;5770;2300;50;27910;;;;;;;
800;0;5420;2840;100;33310;;;;;;;
580;0;7560;2100;260;31600;;;;;;;
500;0;6000;2320;230;30520;;;;;;;
610;50;3900;1770;40;30650;;;;;;;
500;10;5710;1680;40;39240;;;;;;;
760;10;6340;2250;70;33800;;;;;;;
640;10;5470;2040;70;31050;;;;;;;
620;10;4680;2540;30;29260;;;;;;;
490;10;4560;2340;410;30690;;;;;;;
540;20;5210;2550;370;31240;;;;;;;
580;10;6350;2010;540;28840;;;;;;;
380;0;6000;1940;380;29630;;;;;;;
460;0;6670;5470;360;29570;;;;;;;
490;30;5680;2470;420;28250;;;;;;;
530;20;5640;1670;480;27820;;;;;;;
530;50;6140;2030;420;27540;;;;;;;
570;30;4770;3600;500;27980;;;;;;;
650;20;6370;3350;370;29590;;;;;;;
690;30;6120;3700;440;28010;;;;;;;
420;0;7740;5650;390;28940;;;;;;;
570;50;7020;5850;420;27350;;;;;;;
400;20;4790;3180;420;26760;;;;;;;
440;0;5970;2030;370;28990;;;;;;;
510;10;6620;2040;400;27390;;;;;;;
670;20;8910;1970;60;28890;;;;;;;
400;0;11430;1990;70;29010;;;;;;;
310;20;18870;1830;70;29160;;;;;;;
610;0;14990;2250;10;33370;;;;;;;
680;20;13190;2420;10;29650;;;;;;;
390;30;12990;4620;370;27820;;;;;;;
830;30;11250;6520;480;29230;;;;;;;
660;10;11160;3870;580;28270;;;;;;;
380;30;14510;6670;420;26360;;;;;;;
340;0;13440;3580;580;24480;;;;;;;
670;20;13140;3330;280;29370;;;;;;;
490;20;11630;1980;50;29530;;;;;;;
530;10;12110;1660;480;28300;;;;;;;
620;30;12250;2270;340;27870;;;;;;;
570;20;9610;2480;70;27680;;;;;;;
420;20;9530;2490;50;30090;;;;;;;
500;20;7810;2590;40;29920;;;;;;;
380;80;11790;3060;80;26560;;;;;;;
560;20;10700;3280;80;30080;;;;;;;
650;20;8000;2150;50;27650;;;;;;;
950;0;7530;2180;50;28450;;;;;;;
890;20;8310;2050;80;26480;;;;;;;
880;10;8880;2090;40;27170;;;;;;;
860;10;6290;2390;20;27530;;;;;;;
860;10;7890;3070;90;28830;;;;;;;
850;60;6350;2660;20;27130;;;;;;;
980;0;7080;1630;100;27260;;;;;;;
1030;20;8110;1880;60;27980;;;;;;;
930;10;6340;1960;240;26080;;;;;;;
770;10;8080;2150;260;28950;;;;;;;
960;10;6290;2390;30;28770;;;;;;;
630;0;6070;2380;50;48570;;;;;;;
560;50;7170;1590;70;41640;;;;;;;
680;30;7620;2220;10;28640;;;;;;;
410;0;8130;1510;10;27360;;;;;;;
520;20;5220;1400;30;27490;;;;;;;
540;40;5880;1740;20;25830;;;;;;;
540;50;6970;2480;10;26910;;;;;;;
510;10;5300;2090;30;26980;;;;;;;
530;0;11870;1850;90;24690;;;;;;;
620;0;8470;3210;120;29170;;;;;;;
540;10;11650;1750;20;27250;;;;;;;
490;10;9140;1830;30;31910;;;;;;;
530;20;9580;2050;70;31530;;;;;;;
540;20;5740;3370;80;33290;;;;;;;
570;40;8870;3140;10;27850;;;;;;;
580;30;5180;2450;80;30700;;;;;;;
530;20;5260;3700;40;26260;;;;;;;
460;20;5880;4100;40;27520;;;;;;;
610;20;4270;3700;210;26920;;;;;;;
660;40;5130;5330;90;27410;;;;;;;
450;70;4810;3110;80;28950;;;;;;;
550;40;4130;3250;60;25550;;;;;;;
500;80;6100;2990;70;29370;;;;;;;
570;30;4550;3560;40;26870;;;;;;;
760;0;3580;3290;40;29450;;;;;;;
540;0;4130;3030;130;25600;;;;;;;
570;10;4510;2680;70;28560;;;;;;;
440;0;4400;2980;50;29150;;;;;;;
400;10;5310;3330;60;27950;;;;;;;
680;10;6340;3630;90;27720;;;;;;;
410;10;3220;4540;60;29100;;;;;;;
450;0;4980;2000;100;27710;;;;;;;
480;30;3280;2530;10;27450;;;;;;;
620;0;5190;3430;60;25520;;;;;;;
540;10;4710;2730;10;26150;;;;;;;
650;40;4460;2710;30;27210;;;;;;;
930;0;4570;2440;120;25840;;;;;;;
950;0;4470;2740;10;26070;;;;;;;
930;50;3030;4280;30;25640;;;;;;;
960;80;3700;3410;70;26580;;;;;;;
950;30;3980;2500;90;28130;;;;;;;
920;10;4170;3790;30;27100;;;;;;;
920;0;4560;1780;100;23670;;;;;;;
930;10;5540;2570;100;29580;;;;;;;
640;0;3620;2910;140;26340;;;;;;;
400;20;3360;2910;20;26710;;;;;;;
400;10;4450;2650;30;25450;;;;;;;
620;10;4450;4250;280;24710;;;;;;;
460;20;5370;1650;160;23670;;;;;;;
640;10;5840;2810;60;24110;;;;;;;
440;10;3560;3070;150;27920;;;;;;;
620;10;4230;4120;130;24190;;;;;;;
510;0;3540;3810;70;25800;;;;;;;
430;0;5010;2270;60;26020;;;;;;;
720;20;3390;5340;20;35720;;;;;;;
600;10;5140;2580;80;37160;;;;;;;
530;60;4710;3850;60;35390;;;;;;;
550;10;4900;2480;80;35210;;;;;;;
470;60;3460;3140;100;38020;;;;;;;
500;0;2970;2910;140;33840;;;;;;;
600;30;5440;2460;100;34400;;;;;;;
460;20;3530;2020;20;31630;;;;;;;
410;20;4250;2350;80;40520;;;;;;;
430;10;3700;3960;90;34640;;;;;;;
420;20;3440;2100;70;41130;;;;;;;
380;50;4540;2190;50;33490;;;;;;;
480;0;5460;2890;40;34180;;;;;;;
400;10;5240;2310;150;33860;;;;;;;
450;40;3620;2610;40;31110;;;;;;;
550;0;4430;3540;40;33230;;;;;;;
590;20;5580;2290;90;30550;;;;;;;
560;20;3640;3370;30;27840;;;;;;;
590;40;6450;2730;30;35960;;;;;;;
570;0;3390;2280;40;31840;;;;;;;
550;20;4020;2370;180;27900;;;;;;;
450;10;5370;2370;160;34340;;;;;;;
440;20;4840;2580;70;29780;;;;;;;
350;30;3240;2380;40;28110;;;;;;;
480;30;3260;2640;270;30750;;;;;;;
550;10;3810;2430;40;33560;;;;;;;
380;40;4260;4960;30;34450;;;;;;;
450;50;3700;3740;100;30090;;;;;;;
580;20;4130;2340;0;28780;;;;;;;
420;20;3750;2090;20;32580;;;;;;;
490;10;3630;1900;60;30850;;;;;;;
610;20;5000;2290;70;27430;;;;;;;
420;10;4550;2590;80;29430;;;;;;;
480;20;3640;2510;50;31200;;;;;;;
360;10;2810;2830;70;35490;;;;;;;
500;20;3510;3760;50;33910;;;;;;;
620;10;3150;2880;80;30670;;;;;;;
530;10;5610;3810;310;33800;;;;;;;
790;0;4000;3180;290;32850;;;;;;;
400;10;3930;2930;70;30140;;;;;;;
460;20;3730;3140;40;31820;;;;;;;
440;10;2650;2030;110;32020;;;;;;;
510;30;3750;2690;40;34670;;;;;;;
610;50;4740;2350;20;34820;;;;;;;
410;60;3470;3370;40;29990;;;;;;;
500;20;4210;3630;40;26370;;;;;;;
570;60;2810;2270;40;26700;;;;;;;
500;40;3320;3820;60;29180;;;;;;;
500;0;4420;2680;30;27610;;;;;;;
560;10;3640;1680;20;29050;;;;;;;
310;0;5090;2470;20;29620;;;;;;;
410;20;3230;1920;30;28440;;;;;;;
580;0;4350;2040;80;27890;;;;;;;
450;0;4410;1410;10;24840;;;;;;;
520;20;3800;2040;20;28500;;;;;;;
590;30;4930;2300;50;29120;;;;;;;
540;10;2830;2050;50;26840;;;;;;;
570;0;4290;2110;40;29760;;;;;;;
600;0;3360;2120;260;28560;;;;;;;
630;20;3390;2390;110;28530;;;;;;;
500;30;3610;2260;30;29950;;;;;;;
470;120;3720;2530;20;27150;;;;;;;
560;0;3820;2110;120;30330;;;;;;;
630;20;2950;1850;80;26740;;;;;;;
650;40;3790;1930;60;25080;;;;;;;
580;10;3210;2190;50;27870;;;;;;;
600;0;4630;3200;60;29800;;;;;;;
510;40;3390;1800;50;27750;;;;;;;
430;20;3100;2730;80;28980;;;;;;;
660;20;4210;2100;60;26270;;;;;;;
780;0;3930;2110;70;27870;;;;;;;
570;40;3460;2530;60;53720;;;;;;;
660;30;5420;1970;70;53380;;;;;;;
730;10;4200;1660;40;65770;;;;;;;
720;10;1990;1800;30;53760;;;;;;;
650;40;2430;1280;20;50640;;;;;;;
540;20;4810;2600;80;50400;;;;;;;
570;30;10210;1390;80;47240;;;;;;;
480;0;9080;1950;50;49380;;;;;;;
700;40;3620;2950;30;61700;;;;;;;
530;40;3120;2060;80;75600;;;;;;;
570;10;4020;1410;50;48100;;;;;;;
710;60;4040;1810;40;35830;;;;;;;
520;40;3590;1410;90;31880;;;;;;;
490;40;6670;1560;60;31610;;;;;;;
380;0;2700;1570;110;28830;;;;;;;
620;30;3310;1850;130;28230;;;;;;;
530;30;3670;2030;290;27030;;;;;;;
530;0;1800;2190;40;30840;;;;;;;
580;30;2770;2070;90;26850;;;;;;;
920;20;3530;1710;150;28580;;;;;;;
380;0;5570;1740;30;33340;;;;;;;
610;20;3310;1710;60;27410;;;;;;;
490;30;5430;1360;80;27700;;;;;;;
490;20;4330;1710;40;27930;;;;;;;
470;60;3680;1490;50;28510;;;;;;;
480;30;3250;1680;110;28050;;;;;;;
450;0;4170;1350;50;29480;;;;;;;
480;60;3840;1650;20;27010;;;;;;;
660;30;3700;1760;40;28520;;;;;;;
570;20;3210;1700;70;29080;;;;;;;
580;50;4540;1310;110;27990;;;;;;;
600;10;2610;1560;40;26490;;;;;;;
570;70;2670;1810;30;25730;;;;;;;
440;0;2040;1890;40;26780;;;;;;;
340;40;3240;1580;170;28840;;;;;;;
570;0;2410;1660;80;29370;;;;;;;
560;60;3110;1450;80;30310;;;;;;;
500;10;3570;1580;40;28300;;;;;;;
570;10;2550;2580;30;30480;;;;;;;
380;20;3770;2670;60;28820;;;;;;;
570;30;4830;1310;60;29480;;;;;;;
730;30;2650;1340;70;26550;;;;;;;
430;10;4120;1470;10;27890;;;;;;;
810;40;4490;1410;70;28150;;;;;;;
510;20;4490;2570;40;27300;;;;;;;
510;40;4460;1040;30;30390;;;;;;;
720;40;11400;1650;60;25840;;;;;;;
640;30;12460;2020;110;27900;;;;;;;
670;10;10710;1330;20;28700;;;;;;;
590;50;14270;1260;90;26030;;;;;;;
750;40;12780;2120;120;30990;;;;;;;
610;20;13220;1120;140;27730;;;;;;;
720;0;12040;1490;40;25970;;;;;;;
670;30;10820;1550;80;27220;;;;;;;
520;40;11530;1110;180;27080;;;;;;;
620;20;9210;1160;90;27720;;;;;;;
480;10;9920;1530;50;27530;;;;;;;
610;0;11340;1150;50;30630;;;;;;;
350;20;9590;2150;90;25870;;;;;;;
590;0;7630;880;60;28040;;;;;;;
390;10;9650;1810;30;26840;;;;;;;
400;30;9590;1650;40;26550;;;;;;;
740;0;7820;1220;60;28620;;;;;;;
510;20;9190;1520;60;26570;;;;;;;
460;20;6580;1380;60;36750;;;;;;;
480;30;8420;1410;70;26090;;;;;;;
410;20;9950;1240;80;26730;;;;;;;
290;10;7920;1520;30;25600;;;;;;;
530;20;8460;1800;100;26620;;;;;;;
480;60;8630;1360;60;24910;;;;;;;
720;100;6700;1370;40;25730;;;;;;;
690;20;9300;1290;120;25340;;;;;;;
460;40;6870;2190;60;24880;;;;;;;
620;30;6840;2950;20;27210;;;;;;;
590;0;8030;2250;30;25500;;;;;;;
600;40;6520;2440;60;26840;;;;;;;
470;10;5720;1500;50;29350;;;;;;;
420;0;6410;1420;130;34600;;;;;;;
550;0;6610;1470;80;35940;;;;;;;
490;10;5550;1910;130;36100;;;;;;;
620;10;5480;1520;60;31140;;;;;;;
520;10;7620;1550;30;28120;;;;;;;
620;20;4090;1430;210;29100;;;;;;;
540;20;4620;1760;110;30200;;;;;;;
580;40;4550;1570;10;30470;;;;;;;
520;20;5170;1730;110;30300;;;;;;;
500;10;5430;2170;60;29480;;;;;;;
630;20;2950;1510;40;30290;;;;;;;
470;60;6710;1310;50;27970;;;;;;;
490;80;6060;1120;50;27980;;;;;;;
450;40;4890;1590;110;26440;;;;;;;
470;20;4030;1290;90;26900;;;;;;;
470;0;5670;1250;50;30670;;;;;;;
680;20;4460;1940;40;29770;;;;;;;
580;30;4760;1200;50;28240;;;;;;;
370;10;3830;1520;70;28600;;;;;;;
410;10;4490;1880;100;28690;;;;;;;
340;30;4240;1620;50;26340;;;;;;;
570;10;3180;1400;50;29090;;;;;;;
460;0;3170;1520;90;27740;;;;;;;
380;30;4530;1190;80;29040;;;;;;;
390;30;4350;1680;20;27160;;;;;;;
470;10;4240;1880;100;29490;;;;;;;
460;60;3630;2540;100;29830;;;;;;;
520;30;4780;1420;30;27100;;;;;;;
520;60;2220;1780;250;24570;;;;;;;
440;30;4160;1430;80;29910;;;;;;;
630;50;2870;2400;40;27000;;;;;;;
560;10;6030;3590;50;26910;;;;;;;
580;20;2790;5840;70;28790;;;;;;;
500;20;2090;1340;70;28310;;;;;;;
320;0;1670;1630;70;24380;;;;;;;
420;0;2290;2160;150;27390;;;;;;;
430;30;3140;1470;20;26010;;;;;;;
460;20;3540;1180;0;25730;;;;;;;
520;0;2720;990;100;26990;;;;;;;
340;40;2650;1110;200;26240;;;;;;;
490;30;1920;1450;110;30300;;;;;;;
490;20;2800;1560;40;27850;;;;;;;
370;30;2360;1510;50;27120;;;;;;;
460;40;3290;1570;40;27260;;;;;;;
290;20;3340;1490;50;28390;;;;;;;
500;70;2600;1350;80;25760;;;;;;;
320;20;1870;2030;80;31330;;;;;;;
470;40;2290;1940;40;29020;;;;;;;
330;60;2320;2940;40;35520;;;;;;;
400;60;2140;3040;90;31540;;;;;;;
510;20;2760;2950;90;27230;;;;;;;
470;20;4150;3210;150;28560;;;;;;;
460;10;1580;1300;30;27780;;;;;;;
460;30;2850;960;50;24700;;;;;;;
420;0;1840;1530;30;26120;;;;;;;
350;20;3050;1150;70;28500;;;;;;;
550;0;1240;1170;60;27200;;;;;;;
520;20;880;1570;100;27000;;;;;;;
360;10;1900;1500;40;27130;;;;;;;
580;20;1740;1160;50;26410;;;;;;;
580;10;2040;1430;110;28150;;;;;;;
450;50;1970;1660;40;26540;;;;;;;
480;10;1540;2860;30;25430;;;;;;;
460;20;1720;1430;30;26380;;;;;;;
580;40;1550;1170;150;27790;;;;;;;
380;30;940;970;40;27400;;;;;;;
480;30;1320;1580;20;26400;;;;;;;
430;0;3030;1380;110;26220;;;;;;;
330;40;4680;1450;30;25200;;;;;;;
520;50;4210;1740;50;28350;;;;;;;
710;20;2760;1460;0;25990;;;;;;;
590;10;1180;1440;100;24460;;;;;;;
660;10;780;1380;50;26920;;;;;;;
750;20;2530;1220;40;24490;;;;;;;
420;30;3330;1980;100;27630;;;;;;;
420;0;2060;1300;160;24480;;;;;;;
720;20;2650;1500;80;25290;;;;;;;
1000;40;1280;1320;10;24270;;;;;;;
1000;0;1110;1640;40;25760;;;;;;;
970;20;4020;1500;80;25720;;;;;;;
900;20;2940;1760;80;25220;;;;;;;
970;0;2200;1500;70;22980;;;;;;;
1370;20;2800;1710;40;23160;;;;;;;
980;50;2580;1550;90;24550;;;;;;;
1320;40;1260;1730;20;30760;;;;;;;
890;20;2310;1400;50;33550;;;;;;;
1140;20;2830;1040;10;29110;;;;;;;
870;110;2410;1450;70;29220;;;;;;;
620;40;2310;1380;20;29730;;;;;;;
680;20;2050;1330;100;30850;;;;;;;
880;0;2200;1570;20;29380;;;;;;;
340;0;2160;1680;60;28860;;;;;;;
440;10;2150;1170;70;28040;;;;;;;
570;20;3500;1390;70;29920;;;;;;;
290;30;1660;1800;30;30790;;;;;;;
650;0;3890;1210;30;28590;;;;;;;
630;20;2310;1660;120;29140;;;;;;;
1120;20;2500;1480;30;27090;;;;;;;
1110;30;2880;1350;50;28200;;;;;;;
920;10;1850;1390;90;28490;;;;;;;
1380;20;1810;1370;90;30590;;;;;;;
910;60;2500;1310;80;27660;;;;;;;
830;10;2670;1240;60;25020;;;;;;;
510;20;2530;1140;30;31330;;;;;;;
680;20;2060;1400;110;24470;;;;;;;
410;30;1720;1420;80;26980;;;;;;;
540;30;3230;1470;30;25810;;;;;;;
420;10;1930;1440;80;26110;;;;;;;
420;20;680;1050;50;27910;;;;;;;
440;10;2920;1120;50;28460;;;;;;;
490;0;3880;1280;90;26000;;;;;;;
370;10;7640;1420;110;26590;;;;;;;
540;10;3300;1210;40;29690;;;;;;;
480;10;1970;1910;60;34870;;;;;;;
650;0;2190;1830;110;27860;;;;;;;
490;0;2110;1710;60;27470;;;;;;;
440;10;3180;1280;70;27920;;;;;;;
480;10;2610;1330;100;29570;;;;;;;
560;30;2700;1370;50;28000;;;;;;;
460;30;1690;1150;20;29370;;;;;;;
410;10;2130;1100;100;26600;;;;;;;
390;50;1980;2130;160;28940;;;;;;;
610;20;1560;1160;60;26670;;;;;;;
540;20;2040;1140;50;25450;;;;;;;
380;0;2010;1190;40;28720;;;;;;;
600;40;3460;1340;50;30580;;;;;;;
330;40;2510;1350;60;29490;;;;;;;
530;20;2030;1170;30;27140;;;;;;;
340;30;2480;1190;30;30100;;;;;;;
380;10;3490;1820;50;26370;;;;;;;
500;60;2700;1450;120;30070;;;;;;;
370;0;2550;900;180;29110;;;;;;;
330;20;1930;1430;100;34790;;;;;;;
410;20;2170;1480;120;30900;;;;;;;
390;30;3390;1410;240;29250;;;;;;;
330;10;3030;1230;110;30380;;;;;;;
560;20;1640;1360;40;28400;;;;;;;
610;0;2640;1110;190;29430;;;;;;;
440;30;2380;1520;180;26420;;;;;;;
440;90;1100;3170;150;29790;;;;;;;
300;30;2070;1330;160;26860;;;;;;;
390;0;2190;1440;250;27850;;;;;;;
590;40;2240;1310;80;29830;;;;;;;
620;10;1560;1550;30;30060;;;;;;;
500;60;2720;1340;90;29680;;;;;;;
480;30;1980;1900;60;28290;;;;;;;
500;10;1620;1200;30;27160;;;;;;;
600;0;1710;1350;80;26990;;;;;;;
480;30;670;1130;100;27380;;;;;;;
400;0;3120;1330;10;26600;;;;;;;
420;20;5440;1620;50;28090;;;;;;;
460;10;3670;2000;40;27170;;;;;;;
370;0;3150;1430;110;26770;;;;;;;
410;0;2680;1860;80;33520;;;;;;;
500;0;4850;1040;20;26700;;;;;;;
430;10;3160;1730;50;29750;;;;;;;
440;20;3110;1400;40;30200;;;;;;;
520;40;3410;1260;60;33530;;;;;;;
520;30;1970;1460;60;26240;;;;;;;
450;30;1640;1330;50;23480;;;;;;;
530;0;1430;1400;20;25740;;;;;;;
470;0;2660;1450;60;23630;;;;;;;
500;0;1980;1410;100;26260;;;;;;;
410;10;4270;1560;0;27510;;;;;;;
580;40;3310;1170;100;25450;;;;;;;
450;20;2280;1400;80;26930;;;;;;;
560;30;2730;1530;80;28760;;;;;;;
410;10;2800;1210;60;30320;;;;;;;
480;0;1790;1260;70;29130;;;;;;;
440;10;1060;1290;160;28830;;;;;;;
510;50;1770;990;80;28940;;;;;;;
470;20;2700;1240;30;30590;;;;;;;
480;10;2380;1060;90;32700;;;;;;;
480;10;2610;1220;140;28800;;;;;;;
460;30;1420;1010;120;27940;;;;;;;
770;0;2900;1520;60;30250;;;;;;;
390;30;1920;1260;100;28150;;;;;;;
500;50;1030;1170;130;27110;;;;;;;
570;30;2360;1270;40;31360;;;;;;;
530;10;2090;1480;60;25950;;;;;;;
830;30;1760;1890;60;26320;;;;;;;
380;10;3190;1680;60;30440;;;;;;;
770;60;2650;1400;20;26420;;;;;;;
470;40;1470;1130;70;25000;;;;;;;
470;30;2300;1250;40;27590;;;;;;;
530;10;2440;1180;100;30070;;;;;;;
290;40;2480;1390;50;27240;;;;;;;
250;0;1870;1130;50;29570;;;;;;;
920;30;3820;1260;70;27170;;;;;;;
850;0;2740;1440;90;28170;;;;;;;
850;10;2570;1220;80;28010;;;;;;;
390;10;3370;1450;50;25590;;;;;;;
500;0;2050;1330;40;26030;;;;;;;
300;0;1440;1980;40;28700;;;;;;;
570;20;2300;1530;30;27360;;;;;;;
620;60;1380;1210;50;28080;;;;;;;
470;70;2190;1340;50;26200;;;;;;;
530;50;1880;1640;240;27200;;;;;;;
360;40;2540;1590;50;28120;;;;;;;
420;40;1130;1270;70;25510;;;;;;;
400;20;1410;1870;60;26780;;;;;;;
430;10;1110;2580;120;27550;;;;;;;
340;40;1430;1270;80;26790;;;;;;;
430;90;2040;1040;90;27780;;;;;;;
540;60;1330;1150;50;27880;;;;;;;
430;10;1820;1360;70;61970;;;;;;;
290;20;1710;2370;110;28090;;;;;;;
500;30;1720;1250;140;38090;;;;;;;
410;10;1720;1310;40;38230;;;;;;;
490;20;1270;1340;50;31610;;;;;;;
500;0;3170;1260;210;28170;;;;;;;
500;10;1670;1800;60;29680;;;;;;;
330;10;1590;1360;30;30430;;;;;;;
530;20;1760;1840;80;28910;;;;;;;
510;10;2050;1360;30;28340;;;;;;;
370;50;1530;1140;110;27340;;;;;;;
330;20;7640;1280;30;28620;;;;;;;
360;20;1010;2010;70;27750;;;;;;;
330;10;1920;1170;110;28060;;;;;;;
440;40;4580;1440;70;28370;;;;;;;
620;10;2430;1540;70;29950;;;;;;;
460;20;2340;1370;40;28320;;;;;;;
420;0;3530;1630;70;29250;;;;;;;
490;30;1840;1230;0;30810;;;;;;;
360;30;2160;1440;60;29150;;;;;;;
610;0;2270;1360;50;28160;;;;;;;
660;20;5810;1490;30;30230;;;;;;;
570;20;2900;1520;40;28180;;;;;;;
610;20;2980;1270;30;28310;;;;;;;
610;0;2480;1990;50;33760;;;;;;;
400;20;1630;1930;30;29410;;;;;;;
510;10;1520;1470;50;25300;;;;;;;
500;20;2240;1830;60;28350;;;;;;;
450;10;600;1380;30;28180;;;;;;;
580;50;1310;1430;40;24810;;;;;;;
790;40;2500;1080;70;28240;;;;;;;
860;10;2190;1310;30;25570;;;;;;;
910;10;3090;1270;20;27820;;;;;;;
900;20;2380;1300;160;28100;;;;;;;
780;30;1980;1270;90;29340;;;;;;;
810;10;1970;1390;50;28500;;;;;;;
910;10;1380;1260;120;36810;;;;;;;
880;10;1410;1250;110;28240;;;;;;;
660;10;1640;1350;30;25780;;;;;;;
620;50;620;1340;40;28390;;;;;;;
580;10;1220;1500;10;26980;;;;;;;
570;40;1960;1350;170;25650;;;;;;;
560;50;1450;1410;50;30340;;;;;;;
400;40;750;1300;100;29560;;;;;;;
510;30;1160;2190;60;26740;;;;;;;
420;0;1570;1790;30;27480;;;;;;;
530;40;1170;1930;70;28740;;;;;;;
590;10;1910;1430;90;27230;;;;;;;
310;50;2030;1940;70;26890;;;;;;;
520;20;1550;1620;40;27520;;;;;;;
440;10;1300;1880;50;31080;;;;;;;
440;30;2920;1740;60;34150;;;;;;;
460;240;830;1540;30;28920;;;;;;;
500;50;1470;1660;50;28190;;;;;;;
450;0;920;2130;80;26740;;;;;;;
470;10;1190;1090;10;26220;;;;;;;
490;10;1490;1900;90;27200;;;;;;;
500;10;1390;1400;60;27800;;;;;;;
600;40;1500;1730;30;30020;;;;;;;
520;20;1480;2620;50;25410;;;;;;;
490;0;1850;1760;30;25520;;;;;;;
510;0;1650;1220;50;27200;;;;;;;
340;10;1190;2040;60;30110;;;;;;;
500;30;2450;1980;100;27000;;;;;;;
420;0;660;1500;60;26790;;;;;;;
480;10;1080;1350;60;26870;;;;;;;
330;40;1210;2310;30;32070;;;;;;;
460;30;2230;1550;50;29440;;;;;;;
450;30;870;1490;70;27150;;;;;;;
550;10;1170;1330;60;25950;;;;;;;
480;110;1230;1770;80;27100;;;;;;;
830;30;1660;1400;100;26650;;;;;;;
600;50;1930;1900;120;29740;;;;;;;
620;0;1480;2150;80;28370;;;;;;;
360;30;1470;1230;40;27190;;;;;;;
530;40;940;1420;50;29480;;;;;;;
490;30;300;1570;70;29540;;;;;;;
360;60;840;1460;20;26530;;;;;;;
480;50;3690;1440;250;25550;;;;;;;
480;10;2370;1140;80;28510;;;;;;;
600;10;2680;1580;10;31370;;;;;;;
630;0;7400;950;30;25970;;;;;;;
600;10;5440;1450;10;33320;;;;;;;
570;40;5240;1510;90;28010;;;;;;;
760;30;4010;1630;40;32720;;;;;;;
640;30;3970;1290;40;30220;;;;;;;
620;50;2460;1480;70;28300;;;;;;;
490;40;3290;1090;20;29140;;;;;;;
340;0;4740;1220;50;29620;;;;;;;
400;0;4370;1230;110;33450;;;;;;;
450;0;5030;1330;70;31590;;;;;;;
500;20;3920;1930;20;30100;;;;;;;
250;0;4210;1330;50;27830;;;;;;;
320;30;5080;1430;140;32750;;;;;;;
470;0;3750;1500;50;26590;;;;;;;
610;40;4130;1880;40;27490;;;;;;;
690;10;4800;1340;80;29660;;;;;;;
560;20;3610;1930;30;27360;;;;;;;
330;40;3760;2320;50;27490;;;;;;;
500;10;3440;1540;80;27370;;;;;;;
310;10;4320;1980;60;27070;;;;;;;
560;10;2920;1560;130;25430;;;;;;;
490;30;5830;1290;50;24980;;;;;;;
550;10;4120;2140;90;27500;;;;;;;
490;30;3320;1840;200;25500;;;;;;;
490;30;2830;1390;70;25790;;;;;;;
700;40;2690;1540;30;26070;;;;;;;
550;40;2080;1530;80;27490;;;;;;;
310;10;3080;1850;70;26340;;;;;;;
600;0;3010;1260;0;25660;;;;;;;
510;20;2600;1170;20;27120;;;;;;;
430;10;2320;1540;60;27010;;;;;;;
470;0;3090;1710;20;25410;;;;;;;
670;10;3740;1600;0;25870;;;;;;;
390;0;2000;1470;20;23800;;;;;;;
690;30;1640;1530;0;28950;;;;;;;
380;40;3560;1360;40;26040;;;;;;;
500;0;2830;1610;50;23590;;;;;;;
480;10;2200;1590;60;26190;;;;;;;
520;20;2300;1530;20;25230;;;;;;;
610;30;2530;1420;40;23320;;;;;;;
730;20;3250;1610;20;25080;;;;;;;
660;50;1210;1310;120;28110;;;;;;;
490;60;1430;1410;80;23260;;;;;;;
570;20;2220;1170;60;25040;;;;;;;
610;10;2000;1280;140;25520;;;;;;;
620;0;2200;1730;60;30400;;;;;;;
620;50;5290;1480;50;27770;;;;;;;
450;0;1850;1150;30;28370;;;;;;;
500;40;1820;1550;20;26780;;;;;;;
720;10;1980;1640;60;27250;;;;;;;
600;30;2080;1430;50;26700;;;;;;;
400;10;3130;1480;130;26040;;;;;;;
380;10;1950;1620;90;25170;;;;;;;
670;30;1460;1060;40;27830;;;;;;;
880;20;1780;1230;50;29410;;;;;;;
410;20;2140;1400;140;24920;;;;;;;
540;10;2340;1170;140;27400;;;;;;;
600;20;3310;1480;50;26110;;;;;;;
590;30;1990;1270;190;27560;;;;;;;
410;10;2770;1130;40;28220;;;;;;;
510;20;1210;1420;40;25770;;;;;;;
560;20;1820;1210;30;25140;;;;;;;
290;30;2340;1160;20;23820;;;;;;;
390;40;1310;1250;20;29750;;;;;;;
480;30;1870;1250;110;27420;;;;;;;
560;20;1230;1690;70;24630;;;;;;;
270;30;2010;1410;30;27370;;;;;;;
470;0;1630;1240;60;25240;;;;;;;
490;30;580;1080;100;25170;;;;;;;
430;0;1660;2600;60;27560;;;;;;;
690;20;1080;1700;30;24900;;;;;;;
450;20;1670;1430;30;26230;;;;;;;
310;50;870;1420;90;25020;;;;;;;
540;0;890;1860;50;29050;;;;;;;
420;10;1870;2270;70;24800;;;;;;;
500;50;1750;2630;170;25040;;;;;;;
380;10;2160;2120;40;24380;;;;;;;
380;10;1590;3950;10;26570;;;;;;;
660;0;1940;4390;360;24650;;;;;;;
500;20;2040;3430;330;27270;;;;;;;
570;40;260;3700;350;27410;;;;;;;
370;10;1330;4520;450;25960;;;;;;;
530;20;1150;3270;240;25640;;;;;;;
440;50;1920;4900;480;26470;;;;;;;
340;60;1150;2960;180;24060;;;;;;;
340;30;1060;3230;450;25500;;;;;;;
510;20;990;2580;260;25620;;;;;;;
380;20;1030;3890;260;26470;;;;;;;
380;40;1780;6980;120;25510;;;;;;;
530;30;850;3800;170;28170;;;;;;;
380;10;2170;6600;600;29260;;;;;;;
600;80;1240;4130;430;24900;;;;;;;
630;50;870;2620;410;27380;;;;;;;
710;0;1010;3130;130;29020;;;;;;;
380;30;1280;3610;290;27400;;;;;;;
510;0;990;2280;300;28190;;;;;;;
450;10;930;2870;990;27550;;;;;;;
350;0;1200;2350;190;30240;;;;;;;
600;50;1000;3150;80;26420;;;;;;;
460;30;1160;2820;30;26650;;;;;;;
360;0;1300;2240;30;27800;;;;;;;
520;0;1460;2650;40;27850;;;;;;;
530;60;1180;2330;80;27680;;;;;;;
790;30;1380;2060;20;24690;;;;;;;
470;0;950;2080;40;30460;;;;;;;
390;10;900;2850;20;336650;;;;;;;
440;40;1490;2640;40;28860;;;;;;;
400;10;1670;3540;130;26720;;;;;;;
400;0;1420;2200;100;27700;;;;;;;
550;0;610;2720;40;28980;;;;;;;
440;0;850;2250;120;27640;;;;;;;
530;40;640;3170;120;25300;;;;;;;
390;30;890;2190;50;25980;;;;;;;
450;10;850;2370;90;26070;;;;;;;
540;30;1470;2530;10;26380;;;;;;;
440;70;1970;2370;50;23380;;;;;;;
620;70;370;2790;0;26260;;;;;;;
640;10;1240;3540;110;27540;;;;;;;
440;0;500;7960;70;24060;;;;;;;
480;10;1010;2700;120;25940;;;;;;;
490;20;670;2290;60;25820;;;;;;;
580;0;1070;4440;50;27650;;;;;;;
430;10;410;2110;0;29280;;;;;;;
410;20;410;3370;20;25740;;;;;;;
430;20;1500;3070;20;29310;;;;;;;
500;30;1730;3090;40;28240;;;;;;;
390;30;1090;2730;30;27610;;;;;;;
700;10;550;2330;70;28120;;;;;;;
460;0;1330;3400;110;27030;;;;;;;
430;10;830;1960;40;30410;;;;;;;
460;10;920;2420;50;25900;;;;;;;
620;10;690;1950;60;25460;;;;;;;
640;0;890;2690;10;91520;;;;;;;
550;30;670;3190;60;26850;;;;;;;
440;40;1390;4450;10;25960;;;;;;;
420;10;1080;2020;50;27450;;;;;;;
590;30;1080;2240;90;29040;;;;;;;
440;20;990;2390;30;26580;;;;;;;
480;40;1150;2700;80;26110;;;;;;;
400;0;610;2330;30;27030;;;;;;;
470;10;510;2280;70;27790;;;;;;;
410;40;360;2950;20;28000;;;;;;;
500;10;160;2760;60;26480;;;;;;;
550;30;980;2720;40;28070;;;;;;;
430;20;1050;3550;20;25940;;;;;;;
540;0;1170;2200;130;24600;;;;;;;
500;30;1640;2790;90;27060;;;;;;;
400;0;1680;2560;50;27430;;;;;;;
590;70;560;2490;30;25540;;;;;;;
550;20;390;2120;110;24430;;;;;;;
490;0;1460;3100;70;28530;;;;;;;
800;30;180;2300;20;27990;;;;;;;
570;0;260;2720;40;24690;;;;;;;
440;0;190;3020;150;25980;;;;;;;
610;60;110;2270;50;25610;;;;;;;
510;60;590;2800;50;24460;;;;;;;
340;10;710;2130;40;29030;;;;;;;
430;30;1140;1770;90;23810;;;;;;;
430;50;810;1980;10;26220;;;;;;;
320;20;1110;2300;40;25120;;;;;;;
390;0;1020;1480;50;26970;;;;;;;
410;20;240;2410;60;28520;;;;;;;
370;40;1160;1960;100;27880;;;;;;;
600;70;290;2340;40;30560;;;;;;;
500;10;470;2630;100;28600;;;;;;;
410;30;250;2040;0;28590;;;;;;;
490;0;420;2590;90;29480;;;;;;;
390;10;310;1950;60;25140;;;;;;;
480;30;1030;2110;50;28060;;;;;;;
440;0;1730;2120;40;25050;;;;;;;
370;20;1240;1820;50;25980;;;;;;;
350;40;1380;1700;90;28950;;;;;;;
580;10;1810;2060;20;28590;;;;;;;
530;0;1320;1550;70;28980;;;;;;;
630;80;1290;2140;70;26650;;;;;;;
600;10;1260;2450;80;24600;;;;;;;
520;30;310;1490;40;26480;;;;;;;
560;40;560;1370;40;26380;;;;;;;
420;70;770;2070;130;27560;;;;;;;
490;10;720;2170;130;28980;;;;;;;
470;30;1440;1860;30;26410;;;;;;;
290;50;760;1890;140;29540;;;;;;;
350;0;250;1560;70;24690;;;;;;;
370;10;90;1770;60;26200;;;;;;;
430;30;350;2100;70;25260;;;;;;;
560;10;660;1750;30;26010;;;;;;;
560;20;410;1810;90;25470;;;;;;;
310;0;310;1690;60;27380;;;;;;;
420;70;620;2540;30;26610;;;;;;;
600;20;460;1660;60;23470;;;;;;;
670;20;300;1540;90;25700;;;;;;;
480;10;680;2080;150;25390;;;;;;;
580;90;780;1450;90;25420;;;;;;;
400;40;270;1170;30;28650;;;;;;;
520;0;220;1750;80;24550;;;;;;;
460;20;180;1740;90;23170;;;;;;;
450;40;860;1820;40;25990;;;;;;;
590;20;380;1580;60;22660;;;;;;;
390;20;820;1470;30;29530;;;;;;;
590;30;930;1110;40;26810;;;;;;;
440;30;490;1450;50;26670;;;;;;;
410;30;880;2270;40;27480;;;;;;;
510;0;1060;1890;50;25750;;;;;;;
380;40;210;1280;40;24150;;;;;;;
400;0;560;1230;40;24710;;;;;;;
710;20;1120;1310;50;27730;;;;;;;
500;0;720;1780;100;35320;;;;;;;
440;10;480;1630;100;28220;;;;;;;
480;10;340;1790;70;28130;;;;;;;
520;30;530;1590;130;34320;;;;;;;
390;0;100;1590;100;27710;;;;;;;
540;70;840;2460;120;29690;;;;;;;
450;0;680;1960;210;27900;;;;;;;
540;20;150;1500;80;27230;;;;;;;
870;0;680;1460;110;28530;;;;;;;
830;20;270;1460;110;26260;;;;;;;
750;10;400;1590;120;27750;;;;;;;
410;10;900;1720;90;27210;;;;;;;
500;0;550;2330;160;28680;;;;;;;
510;40;200;1880;140;24990;;;;;;;
500;10;710;1580;60;27900;;;;;;;
320;20;260;1290;60;26860;;;;;;;
600;10;630;1200;100;27310;;;;;;;
410;20;260;1840;30;28180;;;;;;;
460;30;320;2120;50;26730;;;;;;;
310;0;390;1470;30;26210;;;;;;;
400;20;560;1460;80;24660;;;;;;;
560;0;220;1270;190;27280;;;;;;;
800;10;620;1240;30;26590;;;;;;;
910;30;390;1160;70;25910;;;;;;;
990;40;560;1140;60;27590;;;;;;;
990;10;860;1020;90;26740;;;;;;;
1030;20;480;1400;10;26020;;;;;;;
530;0;300;1210;50;26150;;;;;;;
360;10;680;1170;30;24490;;;;;;;
580;0;850;1130;50;26350;;;;;;;
440;10;90;1350;40;25450;;;;;;;
610;10;290;1710;40;22540;;;;;;;
560;70;590;2120;40;25110;;;;;;;
460;0;70;1170;30;25410;;;;;;;
670;10;380;1290;200;26020;;;;;;;
360;10;350;1050;360;27220;;;;;;;
330;30;430;1500;180;26000;;;;;;;
380;30;420;1040;50;24690;;;;;;;
560;20;550;1210;210;22370;;;;;;;
450;10;0;1270;170;26660;;;;;;;
350;20;1090;1370;70;26160;;;;;;;
430;40;140;940;50;29340;;;;;;;
340;0;290;940;80;26700;;;;;;;
390;90;150;970;80;26740;;;;;;;
460;10;490;1140;70;28120;;;;;;;
400;10;460;1200;80;25880;;;;;;;
390;20;300;1160;40;30570;;;;;;;
430;30;270;1190;90;27400;;;;;;;
400;0;150;1510;40;26000;;;;;;;
540;40;510;1180;60;27880;;;;;;;
480;0;310;910;110;26380;;;;;;;
670;20;810;1440;10;27370;;;;;;;
360;20;200;1150;70;27780;;;;;;;
570;20;100;1190;80;27250;;;;;;;
410;0;680;860;130;24750;;;;;;;
440;20;850;1250;70;27650;;;;;;;
370;20;370;1410;30;26190;;;;;;;
380;10;570;1460;60;26610;;;;;;;
470;10;610;1250;40;26330;;;;;;;
710;60;30;1320;20;25840;;;;;;;
460;0;340;1350;50;25600;;;;;;;
600;0;230;1140;120;27320;;;;;;;
560;60;580;1460;20;28140;;;;;;;
580;30;490;1140;50;27680;;;;;;;
610;0;250;1320;80;26770;;;;;;;
380;10;300;1950;120;26420;;;;;;;
440;30;150;1680;60;25820;;;;;;;
520;90;40;970;10;26430;;;;;;;
470;10;240;1060;160;28300;;;;;;;
470;10;130;1230;50;25480;;;;;;;
390;10;100;1040;10;27670;;;;;;;
700;70;680;1090;110;25560;;;;;;;
780;30;440;1100;190;24830;;;;;;;
700;10;730;1620;20;25750;;;;;;;
490;0;370;1140;110;26060;;;;;;;
460;10;70;1860;100;24280;;;;;;;
400;80;130;1380;30;27040;;;;;;;
490;10;220;1790;60;23350;;;;;;;
390;10;250;1320;40;26600;;;;;;;
630;0;400;1420;60;26590;;;;;;;
520;10;280;820;40;23340;;;;;;;
550;30;580;980;80;25250;;;;;;;
450;20;30;1040;90;24030;;;;;;;
380;70;590;920;90;25260;;;;;;;
400;0;170;1000;40;25070;;;;;;;
480;0;250;1150;130;25890;;;;;;;
490;30;170;1190;40;25650;;;;;;;
450;10;220;1560;100;25700;;;;;;;
530;10;140;1170;20;22020;;;;;;;
520;40;60;1040;80;23650;;;;;;;
620;20;80;1620;20;26050;;;;;;;
590;80;240;1260;70;22400;;;;;;;
570;40;470;1650;40;23420;;;;;;;
450;20;70;1140;90;24270;;;;;;;
470;10;530;1100;70;24630;;;;;;;
490;0;170;1440;20;26740;;;;;;;
520;90;650;1460;20;22420;;;;;;;
490;50;280;1610;40;23230;;;;;;;
460;20;160;1370;20;25200;;;;;;;
580;100;210;800;130;26660;;;;;;;
420;0;320;990;140;25330;;;;;;;
530;50;300;1110;20;25360;;;;;;;
430;30;100;1220;70;27980;;;;;;;
500;30;240;1380;110;23120;;;;;;;
560;30;370;1670;60;23920;;;;;;;
590;40;490;1440;80;22460;;;;;;;
500;40;560;1140;120;23990;;;;;;;
400;30;450;1160;10;23170;;;;;;;
610;10;1430;1140;40;25630;;;;;;;
640;0;710;1710;90;23610;;;;;;;
500;40;260;1020;80;25030;;;;;;;
490;20;540;1250;20;24280;;;;;;;
420;20;810;1460;20;21300;;;;;;;
570;0;690;1280;20;22510;;;;;;;
510;30;910;1290;130;22610;;;;;;;
570;30;1190;980;40;24580;;;;;;;
470;30;840;900;20;23540;;;;;;;
500;10;880;1150;140;22710;;;;;;;
480;40;1290;850;30;20740;;;;;;;
350;0;290;1630;30;23960;;;;;;;
370;20;1300;1650;50;24830;;;;;;;
470;0;530;1280;40;23560;;;;;;;
610;10;90;980;20;21080;;;;;;;
390;10;110;1520;50;21830;;;;;;;
400;30;140;1650;110;24590;;;;;;;
420;20;30;1640;20;22230;;;;;;;
660;30;330;1550;0;21110;;;;;;;
560;20;80;1500;100;18670;;;;;;;
520;40;460;1320;40;22380;;;;;;;
460;0;480;1480;10;29010;;;;;;;
430;40;380;1070;30;25940;;;;;;;
560;30;300;1540;80;20510;;;;;;;
570;50;340;1270;50;19260;;;;;;;
570;0;90;1400;50;23250;;;;;;;
610;30;250;1320;80;19660;;;;;;;
420;50;130;1250;130;20340;;;;;;;
440;10;190;1350;110;24330;;;;;;;
520;40;250;870;60;31600;;;;;;;
430;10;60;1210;60;28650;;;;;;;
520;10;50;900;160;28560;;;;;;;
350;10;140;1210;60;27710;;;;;;;
550;0;200;1400;30;33420;;;;;;;
390;20;110;1580;80;41560;;;;;;;
500;0;300;1300;50;40060;;;;;;;
400;30;350;1140;0;43390;;;;;;;
400;0;350;1160;40;39290;;;;;;;
300;20;120;1370;60;39330;;;;;;;
370;20;110;1610;20;31730;;;;;;;
430;50;310;1010;80;37080;;;;;;;
490;10;140;1320;50;37800;;;;;;;
550;20;170;1140;60;42460;;;;;;;
330;10;520;1140;50;34540;;;;;;;
470;20;780;1190;40;40590;;;;;;;
390;20;370;1160;90;36890;;;;;;;
540;10;750;970;20;43170;;;;;;;
370;10;30;1090;50;35370;;;;;;;
410;80;50;1120;30;39220;;;;;;;
410;20;510;1240;50;38550;;;;;;;
740;20;150;1390;30;39290;;;;;;;
500;10;360;1470;70;35540;;;;;;;
600;70;230;1250;70;42470;;;;;;;
800;60;490;1220;80;35700;;;;;;;
320;0;190;1030;30;39800;;;;;;;
400;20;420;960;100;40120;;;;;;;
430;20;60;1260;70;32490;;;;;;;
470;40;230;1160;50;28030;;;;;;;
470;20;100;1090;60;38930;;;;;;;
370;30;320;1080;50;33570;;;;;;;
510;10;300;1300;150;35350;;;;;;;
470;0;210;1090;70;38080;;;;;;;
500;0;90;1180;10;26780;;;;;;;
530;0;80;1400;70;36400;;;;;;;
370;0;30;1410;40;31470;;;;;;;
360;20;90;1170;20;32640;;;;;;;
520;40;280;830;50;36190;;;;;;;
460;50;40;1020;50;37110;;;;;;;
570;10;140;930;20;35790;;;;;;;
590;100;90;950;90;37840;;;;;;;
570;0;80;1150;40;29250;;;;;;;
570;10;120;1280;30;40230;;;;;;;
420;20;150;990;30;35890;;;;;;;
540;40;90;970;50;32640;;;;;;;
580;0;10;930;50;34590;;;;;;;
590;30;240;990;30;31450;;;;;;;
530;0;40;1090;160;38850;;;;;;;
460;30;90;910;90;30800;;;;;;;
500;20;80;1400;60;29050;;;;;;;
450;30;430;870;60;29950;;;;;;;
440;0;660;1170;60;30530;;;;;;;
490;0;40;1130;10;34920;;;;;;;
510;30;460;840;60;29850;;;;;;;
460;30;270;800;0;28940;;;;;;;
480;10;150;1630;40;28810;;;;;;;
550;20;160;1010;110;29490;;;;;;;
440;50;120;970;80;27170;;;;;;;
490;10;310;1120;70;36180;;;;;;;
430;20;570;910;40;31980;;;;;;;
410;10;100;1080;60;29900;;;;;;;
600;60;280;1040;30;41290;;;;;;;
500;10;110;1140;130;34080;;;;;;;
450;10;480;1450;50;34560;;;;;;;
390;30;250;1200;60;44140;;;;;;;
620;20;120;1090;40;31240;;;;;;;
330;30;190;1040;70;33920;;;;;;;
640;50;100;1100;180;35990;;;;;;;
480;10;210;1000;50;30030;;;;;;;
560;20;280;1030;50;45590;;;;;;;
410;10;40;960;130;39680;;;;;;;
610;10;120;870;120;38090;;;;;;;
360;10;430;840;40;31550;;;;;;;
520;40;30;1140;40;38880;;;;;;;
580;10;100;1020;100;30460;;;;;;;
440;10;90;880;10;29610;;;;;;;
630;90;290;1120;60;38480;;;;;;;
530;60;120;1210;70;34300;;;;;;;
490;20;120;1240;70;33620;;;;;;;
610;10;150;1130;80;29630;;;;;;;
460;0;730;1320;90;39060;;;;;;;
590;20;70;1180;30;38330;;;;;;;
