CouchBase;Memcached;Mongo;Orient;Redis;Riak;Funkcja;CouchBase;Memcached;Mongo;Orient;Redis;Riak
36180;26610;1960;33020;2640;2660;Min;20,00;24580,00;40,00;2550,00;840,00;2290,00
22780;25870;2140;11470;1920;2700;Max;36180,00;32130,00;15020,00;177570,00;10450,00;16520,00
27140;25240;2780;99980;2220;2960;Mediana;600,00;25300,00;545,00;9070,00;1040,00;2885,00
22610;26710;890;46330;1580;2790;Œrednia;1039,59;25468,76;690,41;10648,95;1079,30;2957,75
10010;25050;890;87830;970;2930;Odchylenie standardowe;854,17;397,52;390,93;4686,57;114,25;243,28
7040;25210;920;90590;1050;2890;;;;;;;
13060;25300;2290;36890;990;2880;;;;;;;
10110;24990;560;7010;940;2940;;;;;;;
8320;25240;1050;8240;930;2790;;;;;;;
4530;25210;480;12360;900;2320;;;;;;;
4710;25450;730;7000;930;2660;;;;;;;
5650;25290;980;8620;840;2970;;;;;;;
12820;25470;1700;11250;860;3380;;;;;;;
3310;25090;1850;10100;920;3470;;;;;;;
7350;25420;700;11980;980;3560;;;;;;;
4400;25090;850;16280;890;3060;;;;;;;
4700;25200;870;15950;1050;3000;;;;;;;
4040;25020;150;14140;1020;2720;;;;;;;
2750;25750;1160;15770;1010;3820;;;;;;;
1170;25360;1510;7660;1060;3220;;;;;;;
6490;25220;510;9760;1150;2720;;;;;;;
3110;25160;120;14920;1080;2730;;;;;;;
4970;25320;2550;19770;1030;2700;;;;;;;
2890;25460;890;18040;1080;2820;;;;;;;
4780;25780;1110;8550;1060;2990;;;;;;;
3520;26500;1200;10180;1000;3420;;;;;;;
1680;25480;1240;9070;1170;2930;;;;;;;
630;25130;790;6670;1060;2860;;;;;;;
3230;25050;520;23110;1050;2890;;;;;;;
1460;25160;170;16320;970;2770;;;;;;;
1280;25360;1270;7540;940;2940;;;;;;;
2610;25120;1680;6820;970;3170;;;;;;;
4570;24780;590;6980;980;2480;;;;;;;
6540;25520;710;10710;970;2520;;;;;;;
6360;26860;1600;16350;920;2660;;;;;;;
3240;25810;1580;14870;930;2900;;;;;;;
1520;24850;1290;12620;1060;3080;;;;;;;
1790;25230;1180;10490;940;2810;;;;;;;
4400;25020;2030;8030;970;3210;;;;;;;
3740;25210;1070;7630;930;3650;;;;;;;
1540;25010;340;7040;1190;3490;;;;;;;
3100;26320;340;14200;1150;2860;;;;;;;
1620;25270;1140;10020;1060;2820;;;;;;;
2280;25050;990;8370;970;2910;;;;;;;
810;25180;330;7400;920;2380;;;;;;;
2730;24880;710;6120;1060;3070;;;;;;;
1660;27240;920;6560;1070;2730;;;;;;;
1480;25300;1940;5970;1030;2710;;;;;;;
1690;25860;1340;6520;1030;3360;;;;;;;
700;25420;2480;14600;1060;3080;;;;;;;
4220;24760;750;7060;1130;2870;;;;;;;
1500;25100;1540;15910;1050;3370;;;;;;;
1870;25050;90;8840;1040;2950;;;;;;;
800;25000;830;5970;1150;2770;;;;;;;
1730;25200;970;14140;1290;3420;;;;;;;
1220;24870;840;7870;1110;2810;;;;;;;
1990;25180;560;11700;950;2640;;;;;;;
2470;25140;540;9930;1030;2610;;;;;;;
1940;25460;1540;8720;1130;2870;;;;;;;
2790;25040;860;13700;920;2970;;;;;;;
1400;24970;1170;16050;950;2900;;;;;;;
2320;25000;1290;12340;900;2840;;;;;;;
1540;25170;740;11140;920;2960;;;;;;;
3360;24950;550;177570;890;2720;;;;;;;
490;24990;950;117530;1010;2650;;;;;;;
1620;25080;1780;28740;1010;2850;;;;;;;
1310;25450;870;74370;1030;2760;;;;;;;
760;25010;480;11430;1040;3020;;;;;;;
2010;25250;580;46630;1040;2940;;;;;;;
990;25080;1180;96850;1070;2560;;;;;;;
1190;25230;1250;10110;1090;2890;;;;;;;
1560;25460;730;14460;1080;3060;;;;;;;
1390;24820;1810;17730;1020;2480;;;;;;;
3140;27910;1180;17280;910;3030;;;;;;;
1130;25310;1440;12720;890;3000;;;;;;;
1380;25140;1150;8520;890;2830;;;;;;;
180;25190;120;9470;990;2770;;;;;;;
3030;24850;500;23500;1080;3120;;;;;;;
2010;25260;1460;11960;890;2990;;;;;;;
2480;24760;740;15060;920;3070;;;;;;;
1220;24850;320;7680;900;2960;;;;;;;
670;25400;130;8810;1010;2810;;;;;;;
690;25450;560;10160;1170;2810;;;;;;;
2110;25090;740;10960;1050;2960;;;;;;;
840;25100;540;7450;1080;2990;;;;;;;
1010;24960;270;9300;1090;2770;;;;;;;
520;24870;260;7850;1060;2930;;;;;;;
950;25240;460;13000;930;2780;;;;;;;
1640;25110;990;6780;950;3120;;;;;;;
1760;25020;650;13020;910;2460;;;;;;;
760;24950;630;12630;940;2290;;;;;;;
1390;25140;500;17140;910;2630;;;;;;;
1820;26360;400;16210;910;2680;;;;;;;
770;26320;880;10450;1020;2980;;;;;;;
1500;25240;600;11190;1020;2930;;;;;;;
810;26120;750;9500;870;2910;;;;;;;
2510;24870;440;6230;1040;2780;;;;;;;
740;25380;660;10310;1050;3010;;;;;;;
1190;25260;600;8400;1030;3000;;;;;;;
2100;25170;600;7470;1140;2800;;;;;;;
1860;25250;1050;13950;1070;3120;;;;;;;
1410;25300;1150;13190;1060;2560;;;;;;;
2880;25030;410;8890;1010;2910;;;;;;;
2280;25270;630;9110;1040;2940;;;;;;;
660;25140;490;18730;1010;2830;;;;;;;
1080;25360;590;8220;1020;2940;;;;;;;
1570;25360;1250;9510;1040;3490;;;;;;;
1360;25620;410;6560;1050;2980;;;;;;;
1020;25180;870;8290;1030;3050;;;;;;;
1780;25500;890;10560;1050;2920;;;;;;;
620;25320;510;12840;1030;2700;;;;;;;
1800;25350;770;10110;1020;2520;;;;;;;
1440;27290;570;9280;1050;2950;;;;;;;
1200;25110;760;15250;1060;2810;;;;;;;
800;25090;450;9800;950;2440;;;;;;;
1420;25160;450;8430;960;2990;;;;;;;
1860;25200;950;14090;900;2950;;;;;;;
1150;25470;600;9580;1030;2780;;;;;;;
1130;24990;960;6870;1030;2980;;;;;;;
1880;25150;860;15230;1010;2830;;;;;;;
1110;24850;130;19250;1060;2580;;;;;;;
1140;25180;630;133820;1180;2960;;;;;;;
2360;25480;660;19920;1050;2600;;;;;;;
1690;25040;540;11020;1040;2730;;;;;;;
810;25060;350;10230;990;3050;;;;;;;
1810;25180;300;8150;960;2590;;;;;;;
750;25170;60;6710;1010;2860;;;;;;;
820;25240;460;7090;1370;2910;;;;;;;
1250;25360;260;9110;920;2950;;;;;;;
730;25300;330;12220;1040;2830;;;;;;;
1280;25210;160;17280;940;3120;;;;;;;
960;24850;980;16360;1020;3080;;;;;;;
1260;25300;480;12540;1030;3010;;;;;;;
1260;25510;960;16120;1020;3170;;;;;;;
1280;25040;280;7380;1090;2630;;;;;;;
880;25120;940;7370;1030;2970;;;;;;;
710;25420;100;5840;1050;2870;;;;;;;
1060;25070;750;6030;1020;2670;;;;;;;
1840;26220;190;8400;960;2930;;;;;;;
1590;26290;200;9380;890;3190;;;;;;;
720;25370;1340;19250;950;2760;;;;;;;
1120;27610;1070;7580;1060;3780;;;;;;;
580;25290;830;7880;840;2850;;;;;;;
1290;25180;630;7170;1100;2760;;;;;;;
520;25860;860;7170;960;2760;;;;;;;
810;25230;520;5880;960;2980;;;;;;;
720;25340;180;9390;960;2790;;;;;;;
840;25140;550;16730;1190;2960;;;;;;;
980;25360;940;14750;1020;2980;;;;;;;
640;25120;90;5800;1100;2350;;;;;;;
1000;27310;420;5850;930;2960;;;;;;;
920;25860;310;7090;910;3070;;;;;;;
990;25230;2070;10240;990;2910;;;;;;;
950;25170;480;6940;1040;3050;;;;;;;
1320;25030;380;6290;1050;2950;;;;;;;
630;25010;710;8140;950;3000;;;;;;;
1830;25310;450;8620;960;3140;;;;;;;
1310;25630;130;15790;1100;2730;;;;;;;
490;25140;120;14720;1040;2640;;;;;;;
620;25080;210;12860;1330;3040;;;;;;;
780;24920;530;17220;1230;2810;;;;;;;
990;25420;390;12020;1240;2750;;;;;;;
860;25110;250;7000;1250;2900;;;;;;;
650;25420;830;9030;1210;2890;;;;;;;
2000;24730;260;11800;1270;2840;;;;;;;
2400;25460;480;5250;1120;2800;;;;;;;
1130;25310;700;9600;1390;2660;;;;;;;
1010;25150;490;10390;1200;2680;;;;;;;
700;25050;910;12140;1010;2930;;;;;;;
1640;25290;580;11770;960;2840;;;;;;;
1470;25050;460;10950;1030;2920;;;;;;;
370;25050;1670;7410;1070;2930;;;;;;;
300;25210;690;9110;1090;3010;;;;;;;
1810;25310;110;6790;1060;2590;;;;;;;
460;25590;830;5260;1040;2890;;;;;;;
1360;25290;980;9870;1050;2910;;;;;;;
940;25000;500;6650;1050;3190;;;;;;;
1310;25310;140;5760;1030;2970;;;;;;;
860;25010;760;7810;1180;3070;;;;;;;
860;25140;550;13890;1040;2870;;;;;;;
1390;24940;470;11700;1000;2620;;;;;;;
650;25060;210;10660;1070;3040;;;;;;;
860;25100;720;11650;1030;2780;;;;;;;
980;25330;450;12820;1100;2950;;;;;;;
640;27590;600;13420;1070;3180;;;;;;;
850;25990;420;6590;1040;2730;;;;;;;
590;25780;730;12010;1040;2610;;;;;;;
740;25920;430;6000;1070;3050;;;;;;;
960;25140;580;6520;1090;3560;;;;;;;
1210;27270;660;11470;1060;2680;;;;;;;
1530;25370;110;8690;1080;2970;;;;;;;
770;25300;180;9430;1040;2620;;;;;;;
2210;24930;630;5540;1030;2550;;;;;;;
3700;25070;50;5550;1060;2740;;;;;;;
1980;25370;290;5370;1050;2940;;;;;;;
1080;25210;610;7800;1110;2860;;;;;;;
630;25270;100;13140;1080;2740;;;;;;;
860;25510;240;13290;1150;3060;;;;;;;
1280;25830;200;7370;1040;3140;;;;;;;
510;24970;370;8140;1180;3080;;;;;;;
880;25570;150;8350;1780;2550;;;;;;;
720;25230;240;7360;1980;2480;;;;;;;
650;25030;510;8000;1070;2830;;;;;;;
950;25360;170;15180;1000;2830;;;;;;;
890;25170;160;20100;5740;2900;;;;;;;
550;25190;710;8120;1870;3210;;;;;;;
690;25300;500;5620;1130;2980;;;;;;;
830;25210;510;6900;1340;3230;;;;;;;
660;27250;170;8300;1110;3110;;;;;;;
960;26910;610;13850;1090;2880;;;;;;;
480;25050;370;11890;1060;2760;;;;;;;
1050;25080;370;5830;1090;3100;;;;;;;
1120;25310;1090;9710;1020;2880;;;;;;;
600;25360;720;11350;1050;3290;;;;;;;
570;28260;720;10150;1090;3010;;;;;;;
610;27990;400;6390;1240;2880;;;;;;;
810;25020;200;12550;1020;2850;;;;;;;
650;25030;480;12990;950;2980;;;;;;;
1140;24940;300;11800;1070;2990;;;;;;;
670;25230;160;14600;950;2830;;;;;;;
560;25590;230;14530;990;3160;;;;;;;
730;25310;1580;7060;1010;2830;;;;;;;
770;25140;330;7010;1010;2950;;;;;;;
590;25910;200;55140;860;2990;;;;;;;
1330;25190;890;43350;1110;3030;;;;;;;
1340;25350;970;12160;1100;2780;;;;;;;
1060;25270;510;10510;1050;2730;;;;;;;
1720;27390;1220;16830;1010;2700;;;;;;;
930;25700;920;18100;1010;3070;;;;;;;
790;25560;520;20160;1020;2860;;;;;;;
690;27690;1360;6480;1060;2970;;;;;;;
920;25110;710;7200;1020;2870;;;;;;;
990;26580;870;10990;1270;2530;;;;;;;
390;25000;1650;11020;1050;2870;;;;;;;
1150;25000;770;12260;1060;2700;;;;;;;
1220;25440;940;17740;1010;2800;;;;;;;
1590;25280;920;14870;1030;2760;;;;;;;
100;25240;1470;12440;1040;2920;;;;;;;
690;25230;3510;11220;1040;2670;;;;;;;
420;25310;980;12020;870;2870;;;;;;;
1080;25310;1320;5780;980;2890;;;;;;;
800;25070;790;7890;910;2860;;;;;;;
670;25410;660;8010;940;2700;;;;;;;
750;25530;730;8580;990;2940;;;;;;;
780;25340;1020;6300;1040;3140;;;;;;;
890;24890;420;7200;1080;3170;;;;;;;
810;26120;1010;10120;900;2650;;;;;;;
700;25350;300;9570;910;2960;;;;;;;
220;25180;940;11610;960;3000;;;;;;;
930;25220;690;6500;910;3110;;;;;;;
160;25180;340;7620;890;2900;;;;;;;
680;25100;1050;10070;980;3130;;;;;;;
720;25460;1190;7340;920;2940;;;;;;;
590;25840;1060;9480;950;2860;;;;;;;
480;28630;760;13990;940;2790;;;;;;;
730;29160;500;12740;980;2870;;;;;;;
540;25110;890;13370;1070;2730;;;;;;;
670;25420;510;9240;1020;2640;;;;;;;
930;25370;270;7900;1040;2740;;;;;;;
550;25390;310;7220;1060;3090;;;;;;;
810;30570;520;9620;1000;2720;;;;;;;
690;25140;740;16200;1090;2650;;;;;;;
960;25470;270;14710;1040;2780;;;;;;;
940;25300;360;5670;1260;2770;;;;;;;
480;25290;390;5620;1020;3030;;;;;;;
1230;32130;140;7120;1090;2830;;;;;;;
540;25420;140;4120;1050;2790;;;;;;;
870;25100;550;8810;1020;2770;;;;;;;
810;25100;330;4670;1060;2790;;;;;;;
1080;25060;350;4730;1040;2970;;;;;;;
640;25210;190;10060;1040;2770;;;;;;;
470;31790;280;13860;1280;3070;;;;;;;
390;28830;700;15080;1120;3370;;;;;;;
760;25430;370;19150;1080;3640;;;;;;;
310;26750;1600;12960;1030;2830;;;;;;;
530;26620;320;9480;1070;2930;;;;;;;
640;26750;3990;11900;1060;2700;;;;;;;
430;26350;610;9650;1020;3050;;;;;;;
510;25480;340;9370;1050;3150;;;;;;;
710;25480;5500;12780;1040;3060;;;;;;;
980;25430;15020;10590;1050;2840;;;;;;;
1000;25030;1340;8980;1010;2910;;;;;;;
830;25420;800;14220;1010;3080;;;;;;;
770;25230;640;14250;1020;2920;;;;;;;
760;25580;100;12760;1030;2690;;;;;;;
420;25420;1470;11490;1030;2930;;;;;;;
1010;24940;860;8870;970;3100;;;;;;;
1060;25380;870;6340;930;2920;;;;;;;
980;25730;1040;10320;960;2940;;;;;;;
510;25320;880;11090;910;3150;;;;;;;
610;25380;1250;13080;960;2720;;;;;;;
770;25380;580;19420;920;2600;;;;;;;
760;25510;880;10960;920;2810;;;;;;;
660;25310;480;8190;940;2830;;;;;;;
270;26220;450;9650;990;2900;;;;;;;
890;25140;1320;13940;900;2950;;;;;;;
770;25230;320;6420;840;2760;;;;;;;
1130;25310;820;8140;1070;2790;;;;;;;
530;25630;1770;10190;1040;2910;;;;;;;
530;25020;510;10810;1050;2690;;;;;;;
860;25250;1020;10430;1030;2840;;;;;;;
600;25170;620;14570;1030;3650;;;;;;;
580;25440;760;18470;1100;2790;;;;;;;
1570;27430;1070;12720;1030;2750;;;;;;;
1540;24810;1380;9580;1090;3090;;;;;;;
1220;25140;490;5500;1040;2750;;;;;;;
630;25020;560;6840;1060;2780;;;;;;;
520;24920;670;9680;1070;3380;;;;;;;
1380;24890;1450;14400;1020;2940;;;;;;;
630;25100;350;10070;940;2600;;;;;;;
1480;25180;770;8820;980;2400;;;;;;;
1400;26070;650;7520;1040;2700;;;;;;;
1500;25230;500;7880;1040;2720;;;;;;;
1320;25360;440;8840;1050;2630;;;;;;;
720;25260;820;7520;1020;2550;;;;;;;
610;25890;420;13350;950;2790;;;;;;;
450;25500;690;15710;1060;2980;;;;;;;
710;25130;510;17060;1040;2570;;;;;;;
1040;25140;260;15200;1100;2760;;;;;;;
290;24970;1660;8970;1050;2930;;;;;;;
600;27120;180;13240;1040;2660;;;;;;;
1440;25430;1130;5220;1040;2540;;;;;;;
1150;26130;120;49410;1060;2700;;;;;;;
1610;27490;590;76990;960;2430;;;;;;;
1210;25080;950;18780;1030;2370;;;;;;;
850;25390;570;14340;1060;2400;;;;;;;
310;25090;1070;20180;1030;3080;;;;;;;
470;25130;1060;21070;1060;2890;;;;;;;
500;25150;400;8100;1120;2830;;;;;;;
1610;25220;810;12150;1020;3360;;;;;;;
520;25400;890;11910;1060;2860;;;;;;;
2930;25070;460;5220;1020;2970;;;;;;;
510;25060;930;5590;1120;2970;;;;;;;
1040;25460;430;10250;1040;3000;;;;;;;
560;25270;800;5080;920;2640;;;;;;;
940;25470;1010;6550;920;2500;;;;;;;
460;25030;430;11980;1130;3120;;;;;;;
680;25650;500;6610;1090;2900;;;;;;;
1060;25220;780;5700;1020;2840;;;;;;;
1350;25060;1580;7870;1100;2660;;;;;;;
780;25430;150;8700;890;2750;;;;;;;
660;25230;180;6150;920;2690;;;;;;;
540;27250;750;6530;970;2980;;;;;;;
600;25680;120;13300;970;2900;;;;;;;
420;25010;450;11320;990;3130;;;;;;;
260;25340;1500;24320;1040;2780;;;;;;;
290;25030;1550;8800;980;2830;;;;;;;
510;24910;1790;6340;1060;2730;;;;;;;
140;25250;1310;6740;1060;2990;;;;;;;
1000;25100;250;7220;1060;2960;;;;;;;
970;25240;750;8100;880;3020;;;;;;;
730;25040;1280;17530;900;2670;;;;;;;
500;25260;1580;6400;940;2880;;;;;;;
630;25330;1740;8720;1010;3030;;;;;;;
710;24960;1790;7030;1060;2680;;;;;;;
460;25240;1080;10360;1040;2690;;;;;;;
950;25160;490;23560;1070;3560;;;;;;;
620;25220;1030;35510;1010;3000;;;;;;;
440;25530;970;16540;1070;2780;;;;;;;
760;25370;460;8000;1060;2940;;;;;;;
920;24950;360;6740;1270;2700;;;;;;;
590;25110;780;10010;1070;2690;;;;;;;
560;25320;90;9070;1050;3060;;;;;;;
860;24970;400;6260;900;3250;;;;;;;
590;25520;90;6060;1090;2960;;;;;;;
1100;25150;470;5900;920;13580;;;;;;;
1550;27980;570;6030;1010;14730;;;;;;;
3130;25160;760;6150;880;5960;;;;;;;
1440;26160;590;22060;990;4580;;;;;;;
990;25550;590;25000;890;3290;;;;;;;
620;25370;530;36920;910;3890;;;;;;;
800;25260;590;11430;1050;3980;;;;;;;
620;25420;300;7070;1060;2880;;;;;;;
1210;25050;690;7390;1080;2610;;;;;;;
1030;25410;3680;7910;1030;2640;;;;;;;
580;25040;980;6990;1070;3200;;;;;;;
540;25370;2450;11110;950;3090;;;;;;;
1480;25400;340;11820;990;2890;;;;;;;
520;25380;370;8220;1280;3000;;;;;;;
350;25650;2520;15240;970;3030;;;;;;;
750;25760;150;13020;1020;3180;;;;;;;
810;27020;2530;19010;1010;4070;;;;;;;
560;25610;40;11850;1040;16520;;;;;;;
790;25190;990;12330;1060;5420;;;;;;;
990;25250;430;12790;1050;3440;;;;;;;
1310;24840;120;9590;1020;3560;;;;;;;
550;25490;490;11800;1270;2840;;;;;;;
810;25270;170;11660;1000;2970;;;;;;;
650;24930;520;13500;1010;2710;;;;;;;
710;24990;530;10590;1170;2940;;;;;;;
460;24790;120;4770;1080;4630;;;;;;;
460;25100;920;12550;1090;3160;;;;;;;
460;24980;1070;12000;910;3640;;;;;;;
820;24890;590;13630;1040;2940;;;;;;;
650;25030;790;12260;1090;2500;;;;;;;
990;25090;480;5890;1070;3050;;;;;;;
920;25130;470;10850;1060;3770;;;;;;;
890;25020;1240;15020;1020;2790;;;;;;;
1010;25320;440;11430;930;3250;;;;;;;
620;25150;740;12400;950;3270;;;;;;;
520;25030;3630;5010;1040;3550;;;;;;;
590;25420;1270;8050;1030;3150;;;;;;;
490;25210;1430;10590;1000;2900;;;;;;;
530;25580;70;16960;990;2940;;;;;;;
430;25600;1830;9470;940;2600;;;;;;;
660;25160;250;7160;970;2480;;;;;;;
340;25590;570;16660;920;2730;;;;;;;
450;25040;600;14750;940;3020;;;;;;;
550;25370;1230;8550;1000;2870;;;;;;;
520;25500;1320;9430;1010;2880;;;;;;;
690;26450;280;13010;980;3060;;;;;;;
590;25730;420;5470;940;2650;;;;;;;
1200;27670;1230;8370;1000;3170;;;;;;;
1730;25260;720;6820;1000;2910;;;;;;;
1200;26210;400;22010;1060;3090;;;;;;;
1980;25470;1080;8450;1050;3070;;;;;;;
900;25200;120;12620;1270;3060;;;;;;;
930;25350;680;6460;1760;3020;;;;;;;
740;25380;560;5960;1880;2580;;;;;;;
340;27730;990;5280;1510;2930;;;;;;;
2690;25110;1080;7080;1020;2830;;;;;;;
400;25380;1120;34330;1060;2430;;;;;;;
1130;25450;180;8260;1060;2420;;;;;;;
960;25660;580;7130;1120;2980;;;;;;;
1560;25690;660;18190;1020;3180;;;;;;;
730;25290;540;5750;1260;2680;;;;;;;
560;25050;150;9740;1060;2290;;;;;;;
560;25820;570;7030;1030;2480;;;;;;;
920;25150;780;10740;1630;2380;;;;;;;
580;24890;200;5520;1030;2410;;;;;;;
760;25090;210;7360;1030;2810;;;;;;;
720;25070;420;9910;880;3220;;;;;;;
550;25180;180;19150;1020;3280;;;;;;;
660;25600;180;13130;940;2660;;;;;;;
700;25190;270;13990;960;2860;;;;;;;
670;25020;340;10740;930;2680;;;;;;;
670;25130;650;12980;1000;3120;;;;;;;
1800;25750;150;11050;940;3010;;;;;;;
890;25490;1080;12520;1090;2630;;;;;;;
500;25310;1690;14370;940;2800;;;;;;;
550;25570;440;10330;940;2430;;;;;;;
320;25700;680;11310;1010;2460;;;;;;;
390;25190;370;16410;1030;2660;;;;;;;
650;25360;870;17130;1020;2810;;;;;;;
530;25400;570;15810;1070;3090;;;;;;;
1270;25360;200;9750;1060;2840;;;;;;;
480;25100;70;6680;1060;2730;;;;;;;
590;25290;310;6650;1100;2800;;;;;;;
620;25320;390;4920;1080;2640;;;;;;;
470;25060;80;7620;1050;3200;;;;;;;
1300;25410;750;5750;1030;2780;;;;;;;
1160;25100;140;7760;1020;2700;;;;;;;
1630;25560;300;10510;1030;2970;;;;;;;
1440;25140;360;9820;1270;2760;;;;;;;
920;25510;350;12750;1030;2820;;;;;;;
460;25140;480;11680;1000;3060;;;;;;;
670;25870;100;12450;940;2750;;;;;;;
490;25900;360;6380;950;3000;;;;;;;
1000;29720;160;5970;1070;3070;;;;;;;
960;25050;450;6960;1010;3020;;;;;;;
710;26130;780;8380;1080;3000;;;;;;;
560;25310;120;8900;880;2810;;;;;;;
720;24620;230;5640;990;2870;;;;;;;
590;25530;310;9720;1070;2720;;;;;;;
490;25130;370;10860;1050;2700;;;;;;;
490;25050;190;4860;1240;3120;;;;;;;
430;25550;380;7120;930;3350;;;;;;;
870;25470;810;13690;950;2910;;;;;;;
810;25400;650;16630;960;3070;;;;;;;
710;25020;320;8620;1100;2740;;;;;;;
910;25260;150;11360;1070;2880;;;;;;;
800;25090;750;13480;1050;2800;;;;;;;
870;25200;510;5920;1310;2850;;;;;;;
940;25990;250;6660;1100;2970;;;;;;;
760;25240;150;4110;1140;2490;;;;;;;
510;25590;800;12190;920;2960;;;;;;;
1210;25480;120;8550;910;2860;;;;;;;
660;25460;560;13770;960;3020;;;;;;;
690;25220;950;12010;1050;2760;;;;;;;
1020;25230;470;13840;1030;3060;;;;;;;
880;25340;790;16990;1220;3060;;;;;;;
1610;25420;280;14310;1060;2730;;;;;;;
1390;25730;430;8490;1030;2700;;;;;;;
260;25350;1070;7880;1050;3220;;;;;;;
500;25590;1120;7610;1030;2800;;;;;;;
1630;25290;980;10020;1070;2810;;;;;;;
610;25440;650;10510;1020;2930;;;;;;;
820;25270;950;8050;1060;2710;;;;;;;
750;25620;480;20010;1070;2800;;;;;;;
600;25550;240;16520;1030;2980;;;;;;;
810;25290;470;10970;1270;2780;;;;;;;
490;25230;1090;13960;1060;3140;;;;;;;
720;25410;650;11630;1030;2980;;;;;;;
780;25390;420;11960;1040;2790;;;;;;;
550;25190;630;13600;1050;3010;;;;;;;
670;25430;360;11400;1060;2650;;;;;;;
360;28390;300;12050;1020;2980;;;;;;;
510;25300;130;4960;1050;3050;;;;;;;
930;25420;610;5090;1050;3430;;;;;;;
910;25390;320;6800;1050;2670;;;;;;;
670;25130;150;7090;1060;2890;;;;;;;
760;25190;890;13040;1090;2840;;;;;;;
790;26260;300;7670;1090;2380;;;;;;;
800;27270;230;6850;1060;3010;;;;;;;
630;25940;810;5360;1050;2830;;;;;;;
630;25430;530;10480;1080;3010;;;;;;;
440;26290;520;30730;1020;2950;;;;;;;
830;24950;370;13670;1010;3060;;;;;;;
480;25040;100;7560;1030;2530;;;;;;;
1210;25400;90;5550;1020;2940;;;;;;;
860;25090;140;5900;1030;2900;;;;;;;
700;25180;780;5270;1030;2710;;;;;;;
620;25320;140;4460;1240;3050;;;;;;;
700;25270;510;9440;1060;3000;;;;;;;
1660;25330;820;12170;1030;3170;;;;;;;
1760;25150;80;11570;960;3020;;;;;;;
23070;25110;110;3490;960;2770;;;;;;;
12370;25520;440;4970;940;2730;;;;;;;
490;25170;390;4830;1000;2430;;;;;;;
25670;25420;460;5390;1050;2790;;;;;;;
810;25720;1410;10260;1050;3110;;;;;;;
2460;25300;390;7880;1070;3190;;;;;;;
390;25370;510;5890;1050;2960;;;;;;;
940;25280;280;11820;1050;3080;;;;;;;
620;25950;60;35790;1030;2790;;;;;;;
590;25500;370;8000;1040;2720;;;;;;;
1050;25410;260;13180;1050;2850;;;;;;;
740;25480;70;14030;1100;4210;;;;;;;
1080;25040;70;16700;1060;3230;;;;;;;
1550;25420;410;20810;1150;3450;;;;;;;
12660;25520;830;6020;890;3600;;;;;;;
1610;25380;500;10840;1010;2470;;;;;;;
1940;25630;1470;5860;1160;2820;;;;;;;
1650;25310;180;5310;1040;3200;;;;;;;
1360;25810;460;3980;1010;2810;;;;;;;
1740;27060;2040;5940;1100;3070;;;;;;;
560;25440;360;5240;1050;2620;;;;;;;
780;25040;110;9040;1060;2950;;;;;;;
720;25250;270;12410;1130;3070;;;;;;;
580;25060;1500;12290;1230;3040;;;;;;;
580;25630;240;8800;1010;2900;;;;;;;
310;25070;280;4210;950;2880;;;;;;;
1210;25440;960;4770;910;2890;;;;;;;
490;25640;110;7400;1020;2700;;;;;;;
580;25210;180;6100;1040;2790;;;;;;;
870;25230;300;11080;1050;3270;;;;;;;
880;24980;120;11100;1100;2780;;;;;;;
410;25490;180;8990;1020;2710;;;;;;;
210;25530;190;5260;1070;2980;;;;;;;
720;27700;260;8520;1080;2940;;;;;;;
6500;25120;120;10920;1030;2720;;;;;;;
250;26400;260;4660;1030;2540;;;;;;;
600;25490;510;7160;1010;2920;;;;;;;
390;25040;110;10440;1040;2880;;;;;;;
800;25450;270;5780;960;2720;;;;;;;
320;25720;430;14620;910;3100;;;;;;;
750;25190;440;12410;900;2540;;;;;;;
290;25140;440;13670;1010;3480;;;;;;;
1190;25480;500;13290;870;2760;;;;;;;
620;25550;490;12200;1060;2970;;;;;;;
600;25280;430;4550;970;2750;;;;;;;
1120;25340;3670;5280;950;2950;;;;;;;
810;25390;250;8670;990;3040;;;;;;;
620;25480;140;4560;990;3240;;;;;;;
6850;26040;100;7390;1100;2870;;;;;;;
360;25250;400;6380;1040;2880;;;;;;;
1480;25490;490;7930;1010;3140;;;;;;;
1400;25270;250;6250;1010;3030;;;;;;;
350;25670;190;6790;1050;3220;;;;;;;
1040;25250;670;11810;1090;3120;;;;;;;
250;25240;140;10430;990;2890;;;;;;;
780;25610;150;6330;1100;2850;;;;;;;
390;25660;100;6900;1060;2510;;;;;;;
580;27150;340;11090;1060;2640;;;;;;;
880;25420;460;7920;1050;3000;;;;;;;
770;25260;540;10160;1030;3190;;;;;;;
740;25290;420;13490;1060;2830;;;;;;;
530;25320;520;10930;1160;2990;;;;;;;
490;25610;670;27120;1030;2400;;;;;;;
830;25170;560;7900;1020;2820;;;;;;;
1010;25120;550;5960;1050;2880;;;;;;;
1180;25120;580;3900;1040;3180;;;;;;;
3780;25450;70;4540;940;2820;;;;;;;
1230;25300;370;4240;1060;2700;;;;;;;
630;25310;160;4830;960;3150;;;;;;;
530;25280;170;5480;910;2810;;;;;;;
540;25320;130;10130;930;3050;;;;;;;
630;25380;140;13460;930;2970;;;;;;;
870;25280;100;12980;990;3430;;;;;;;
480;25970;520;6300;950;3130;;;;;;;
710;25270;140;16070;940;2930;;;;;;;
490;25420;340;3950;970;2900;;;;;;;
920;25180;620;8400;1090;3040;;;;;;;
140;25580;640;6090;1060;2800;;;;;;;
140;25690;470;8720;1070;2760;;;;;;;
600;27550;440;11260;1070;3010;;;;;;;
900;25410;470;7140;1090;2940;;;;;;;
400;26340;510;5430;1070;2790;;;;;;;
1260;25320;440;6690;1530;3410;;;;;;;
580;25630;440;11260;910;2570;;;;;;;
790;25500;550;9810;1060;2720;;;;;;;
860;25180;490;6540;1020;2940;;;;;;;
440;25240;560;7190;880;2780;;;;;;;
1850;25570;510;8780;1050;2740;;;;;;;
410;25160;500;4120;950;2980;;;;;;;
810;25420;1310;5710;940;2800;;;;;;;
420;25150;920;13040;980;2680;;;;;;;
680;25390;1180;13190;960;2850;;;;;;;
900;25490;810;13510;920;2400;;;;;;;
1880;25080;510;13370;1030;2790;;;;;;;
790;25350;670;10350;1090;3400;;;;;;;
390;27100;1630;6830;1010;2620;;;;;;;
540;25530;810;9820;950;3190;;;;;;;
810;25520;730;14730;1060;3010;;;;;;;
600;24800;910;13560;1020;2850;;;;;;;
730;25190;870;14800;1030;2910;;;;;;;
600;25150;1450;4180;1040;3490;;;;;;;
1370;25550;700;5840;1090;3690;;;;;;;
440;26150;820;5010;1060;2910;;;;;;;
470;25020;870;4500;1050;2730;;;;;;;
860;25190;240;10170;1090;2840;;;;;;;
3120;25130;540;7280;1030;2640;;;;;;;
1120;24930;600;11100;1060;2900;;;;;;;
530;25530;510;9440;1030;2910;;;;;;;
1670;25340;110;9660;1060;2740;;;;;;;
520;25340;910;14770;1040;2930;;;;;;;
510;24960;640;12030;1060;2890;;;;;;;
890;25500;880;6600;1050;2880;;;;;;;
780;25100;2610;5310;1030;2780;;;;;;;
550;26200;680;9530;1070;2690;;;;;;;
360;25220;1460;10160;1050;2950;;;;;;;
280;25300;370;8770;1220;2640;;;;;;;
750;25120;670;9430;920;2760;;;;;;;
640;25430;150;9240;920;2640;;;;;;;
590;25280;990;10290;1280;2980;;;;;;;
670;25940;1280;8580;1020;2930;;;;;;;
640;25360;70;4000;1020;2870;;;;;;;
890;25140;920;6040;1000;2740;;;;;;;
370;25220;840;3270;1050;2590;;;;;;;
670;25470;730;3730;1020;2810;;;;;;;
400;26200;550;3810;1060;2970;;;;;;;
1460;27760;160;3140;980;2920;;;;;;;
480;25290;340;3750;970;2830;;;;;;;
710;26330;970;5820;920;2950;;;;;;;
590;25090;160;12100;960;2580;;;;;;;
970;25100;660;7640;1040;3740;;;;;;;
540;25580;2250;7720;1050;2810;;;;;;;
1090;25230;520;6650;1090;3150;;;;;;;
1030;25220;700;10620;1040;2780;;;;;;;
480;25390;800;12330;1110;2750;;;;;;;
690;27640;870;5410;1040;2910;;;;;;;
670;25260;1830;5520;1020;3270;;;;;;;
210;25320;520;6330;1050;3300;;;;;;;
830;25240;1310;5260;1190;2910;;;;;;;
390;25410;1040;11500;1080;3100;;;;;;;
460;24830;620;6850;1110;2790;;;;;;;
150;25210;160;3520;1060;2920;;;;;;;
120;25580;830;3280;1060;2600;;;;;;;
50;26080;140;3600;1070;3440;;;;;;;
170;25080;110;12310;1100;3090;;;;;;;
350;25400;140;7490;1080;2590;;;;;;;
150;25480;550;14130;930;2860;;;;;;;
280;25290;540;8190;930;2900;;;;;;;
530;25200;180;14290;960;2840;;;;;;;
190;25140;1190;15280;1000;3120;;;;;;;
50;25650;130;18750;1040;2860;;;;;;;
70;25340;240;18600;1040;2750;;;;;;;
30;25190;120;6150;960;2780;;;;;;;
20;25010;250;3800;950;2820;;;;;;;
420;25150;1320;3160;1060;2590;;;;;;;
570;25030;140;3090;1050;2860;;;;;;;
350;25210;100;2950;1070;3070;;;;;;;
310;25340;550;3520;1080;3320;;;;;;;
560;25250;510;5360;1050;2740;;;;;;;
430;25460;690;3300;910;2600;;;;;;;
450;25160;1400;4520;960;2780;;;;;;;
320;25240;1410;4940;980;2890;;;;;;;
320;25210;870;11710;1080;2890;;;;;;;
560;25130;500;4000;1020;2920;;;;;;;
390;25110;460;2670;1050;2730;;;;;;;
430;25050;910;4450;1060;2700;;;;;;;
290;25820;560;13230;970;2450;;;;;;;
430;25410;510;16250;910;2730;;;;;;;
410;25300;830;8460;1120;2700;;;;;;;
290;25690;830;5060;1020;2970;;;;;;;
490;25210;890;3560;1100;2730;;;;;;;
190;27230;1130;7230;1040;3050;;;;;;;
80;25810;540;3530;1040;2860;;;;;;;
140;27640;550;4000;1150;2740;;;;;;;
300;26600;480;4640;1050;3110;;;;;;;
260;25170;420;4220;1050;2810;;;;;;;
290;25370;530;5420;1050;2940;;;;;;;
190;25370;420;9540;1010;2760;;;;;;;
30;25150;590;10020;1040;2830;;;;;;;
110;25320;460;7260;1040;2430;;;;;;;
140;25120;1030;3770;1040;2930;;;;;;;
320;25500;450;3180;1070;2820;;;;;;;
270;25300;280;3210;1030;2900;;;;;;;
310;25410;180;7320;1010;2610;;;;;;;
260;25070;440;4370;1190;4110;;;;;;;
280;25000;190;8560;1050;3940;;;;;;;
280;25110;210;7870;1080;4290;;;;;;;
230;25060;160;13720;1010;4840;;;;;;;
70;25110;320;13240;1020;3980;;;;;;;
110;25790;230;3350;1050;2450;;;;;;;
130;24900;460;14800;1020;3180;;;;;;;
250;24980;550;7130;1030;2810;;;;;;;
340;25380;480;3140;1030;2830;;;;;;;
130;25320;550;9210;930;2910;;;;;;;
100;25620;470;11690;1030;2710;;;;;;;
130;25290;490;9480;1080;2620;;;;;;;
280;25200;510;9270;1040;2970;;;;;;;
170;25090;770;7650;1020;3180;;;;;;;
380;25200;420;3510;1020;2910;;;;;;;
220;25320;1110;3580;1070;2970;;;;;;;
220;25250;610;7800;1200;2690;;;;;;;
90;25110;450;12350;1000;2730;;;;;;;
90;25450;570;7110;990;2980;;;;;;;
70;25480;350;10360;920;3180;;;;;;;
130;25190;800;10330;970;3070;;;;;;;
250;25380;640;6380;1170;2810;;;;;;;
340;25210;680;3630;960;2850;;;;;;;
360;25280;420;3060;900;3550;;;;;;;
270;25680;420;9350;940;4750;;;;;;;
100;25290;450;9410;970;3400;;;;;;;
220;25060;260;4260;1000;2820;;;;;;;
320;25190;160;7120;1040;3080;;;;;;;
140;28180;200;4130;1030;3010;;;;;;;
300;25100;960;12450;1070;2750;;;;;;;
270;25180;570;17370;1070;2740;;;;;;;
370;25500;940;8960;1040;2930;;;;;;;
200;25190;1760;6950;1010;2730;;;;;;;
340;27570;650;5900;1030;2860;;;;;;;
310;25830;420;10820;1060;3280;;;;;;;
260;26150;510;9110;1010;2960;;;;;;;
270;25230;1070;7310;1080;2960;;;;;;;
60;25190;150;11990;1050;3380;;;;;;;
280;25330;1080;16440;1100;2720;;;;;;;
220;25690;890;7400;970;2450;;;;;;;
160;25610;690;9680;970;2780;;;;;;;
360;25430;370;5390;1010;2720;;;;;;;
290;25120;2340;3350;990;3220;;;;;;;
210;25330;770;9530;960;2870;;;;;;;
90;25200;740;10000;910;3150;;;;;;;
270;25300;1370;10810;980;2930;;;;;;;
160;25910;440;10410;910;3860;;;;;;;
80;25650;420;9760;1140;3400;;;;;;;
140;25380;330;9060;1020;2860;;;;;;;
520;25490;370;11780;1040;2900;;;;;;;
180;25380;50;6620;1050;2960;;;;;;;
270;25280;930;4430;1050;3040;;;;;;;
190;25620;1320;3660;980;2880;;;;;;;
110;25300;1210;3920;930;3730;;;;;;;
50;25400;950;12410;960;2810;;;;;;;
90;25230;510;5880;1050;2880;;;;;;;
310;25430;350;5650;1020;2990;;;;;;;
290;26580;270;12340;1020;3210;;;;;;;
260;25630;670;4310;1080;2790;;;;;;;
250;25430;370;3220;1080;3540;;;;;;;
170;25300;550;8910;1050;2920;;;;;;;
360;25320;810;4820;1040;3240;;;;;;;
240;25570;490;3960;1050;3030;;;;;;;
300;25490;920;4030;1050;2830;;;;;;;
480;25780;440;5630;1040;2850;;;;;;;
410;25500;420;3550;1050;2430;;;;;;;
350;27290;530;3530;1070;2670;;;;;;;
430;25700;790;7140;1020;2680;;;;;;;
70;25250;480;9150;1230;2570;;;;;;;
60;25240;470;8420;1030;3130;;;;;;;
480;25210;690;3580;1020;2590;;;;;;;
470;25200;450;4920;950;3050;;;;;;;
390;25340;490;5380;940;2910;;;;;;;
300;25310;420;7910;960;2650;;;;;;;
180;24960;1070;12130;1060;2770;;;;;;;
320;25830;470;8200;1040;2810;;;;;;;
260;25000;650;5300;1020;2870;;;;;;;
320;25750;590;11090;1020;2770;;;;;;;
380;25380;200;4080;1050;2730;;;;;;;
350;29380;130;10120;1200;2750;;;;;;;
490;25600;500;9880;1010;3090;;;;;;;
700;26740;240;8960;1020;2740;;;;;;;
330;25220;110;9150;1050;2770;;;;;;;
560;25270;200;7570;890;2870;;;;;;;
580;25740;570;5850;1070;2840;;;;;;;
450;25450;480;4570;910;3280;;;;;;;
280;25230;820;7970;940;2880;;;;;;;
430;25440;1200;2850;1110;2860;;;;;;;
580;25670;420;2750;960;3110;;;;;;;
340;25380;280;7810;1060;2970;;;;;;;
410;25250;710;8980;950;3270;;;;;;;
570;25670;90;5400;910;2710;;;;;;;
740;25360;550;4530;960;2730;;;;;;;
370;25310;690;7000;970;2840;;;;;;;
280;25340;220;11070;930;3240;;;;;;;
200;25090;1470;9610;1050;2680;;;;;;;
20;25150;1620;8870;1080;2520;;;;;;;
130;24940;1870;9820;1010;2880;;;;;;;
290;25130;1300;3010;1020;2720;;;;;;;
260;25510;1890;4740;1040;3070;;;;;;;
270;25270;2140;5950;1020;2670;;;;;;;
230;25170;540;14630;1050;3260;;;;;;;
310;25390;440;5910;1170;2780;;;;;;;
360;25710;2760;8070;1100;2700;;;;;;;
850;25340;1240;8560;1050;2560;;;;;;;
540;27810;1560;8620;1020;2570;;;;;;;
240;25170;580;5570;1020;3150;;;;;;;
340;25010;560;3370;1040;3010;;;;;;;
30;25080;110;11340;1230;2990;;;;;;;
70;25170;570;28030;1080;2960;;;;;;;
20;25020;180;37640;1030;2990;;;;;;;
170;25000;120;8900;1110;2970;;;;;;;
280;25210;130;5850;1040;2950;;;;;;;
260;25460;150;18360;1110;2860;;;;;;;
230;25140;450;4810;1070;2800;;;;;;;
350;25280;250;3590;1180;3070;;;;;;;
200;24960;180;5210;1270;2930;;;;;;;
210;25330;160;5260;1030;2610;;;;;;;
180;25160;260;5830;1060;2680;;;;;;;
240;25160;150;5740;1020;2920;;;;;;;
320;25120;390;12660;1040;3410;;;;;;;
140;25740;580;10180;1080;3020;;;;;;;
320;25120;1410;11460;1020;2860;;;;;;;
190;25000;1460;9000;1060;2820;;;;;;;
150;25960;360;11070;1040;2930;;;;;;;
100;26770;1270;7840;1050;3220;;;;;;;
120;25470;610;4260;1030;2860;;;;;;;
180;26280;50;6670;960;2640;;;;;;;
210;25040;430;10970;970;2940;;;;;;;
280;25130;330;3530;920;3220;;;;;;;
290;25210;170;5380;1130;2570;;;;;;;
310;25310;160;8560;990;3020;;;;;;;
260;25040;1810;3240;1040;2710;;;;;;;
300;25010;410;3470;1040;2890;;;;;;;
300;25120;560;3220;1060;2750;;;;;;;
560;25460;440;5300;1060;2700;;;;;;;
560;24780;190;5000;1030;3150;;;;;;;
110;24860;300;10010;1060;2990;;;;;;;
80;25740;1440;5400;1020;3000;;;;;;;
140;25190;450;9860;1030;2780;;;;;;;
420;25010;830;13340;1010;2480;;;;;;;
410;25360;2610;10580;1070;2430;;;;;;;
330;25310;690;13150;1620;2820;;;;;;;
190;25470;530;14370;1560;3210;;;;;;;
80;28070;1390;10370;2090;2990;;;;;;;
150;25000;1480;14980;1520;2850;;;;;;;
390;25350;1760;10410;1940;2860;;;;;;;
690;24990;1360;8510;1650;2780;;;;;;;
510;25090;400;11090;1080;3200;;;;;;;
150;25510;420;8590;1140;3020;;;;;;;
50;26570;550;3860;1010;3370;;;;;;;
180;25150;430;5690;1020;2770;;;;;;;
610;25130;690;3320;1090;3010;;;;;;;
310;25400;500;2790;1030;3010;;;;;;;
600;25190;490;4530;1020;2710;;;;;;;
370;25240;220;5320;1070;2690;;;;;;;
340;25860;120;9750;1250;2920;;;;;;;
410;25750;790;18760;1030;2800;;;;;;;
550;25280;490;10690;1050;2620;;;;;;;
200;25230;380;5240;1050;3100;;;;;;;
270;25200;530;5480;1050;2890;;;;;;;
770;25570;720;13410;1040;2870;;;;;;;
260;25280;460;14090;1060;2780;;;;;;;
240;25150;560;8430;1040;2850;;;;;;;
60;24970;190;4980;1040;2610;;;;;;;
160;25390;60;2900;1020;2890;;;;;;;
300;25420;190;2850;940;2730;;;;;;;
470;25540;360;3820;1000;2990;;;;;;;
360;25020;140;4230;1030;2760;;;;;;;
330;25100;210;5710;1040;2920;;;;;;;
150;26640;120;4380;1030;2900;;;;;;;
150;25720;360;6590;1050;2690;;;;;;;
210;25350;150;10050;1220;2750;;;;;;;
260;25980;430;9550;1100;3090;;;;;;;
240;25100;330;10130;1030;3150;;;;;;;
260;25180;320;5910;1030;3030;;;;;;;
520;25000;250;8000;1030;3680;;;;;;;
250;24580;120;8800;1150;4530;;;;;;;
320;25340;330;6650;1060;2670;;;;;;;
300;25100;190;5640;1080;2950;;;;;;;
230;25150;820;6220;1050;2730;;;;;;;
400;25090;370;6180;1020;2670;;;;;;;
110;28150;440;9270;1040;2780;;;;;;;
90;24890;150;11680;960;2750;;;;;;;
450;25560;190;9830;1050;3140;;;;;;;
160;25110;630;14290;1090;2910;;;;;;;
460;25020;760;16250;1050;2680;;;;;;;
460;25030;750;9820;1050;2900;;;;;;;
310;25200;160;9250;1010;2910;;;;;;;
370;25630;600;10080;1040;2630;;;;;;;
90;25330;1460;9900;1020;3070;;;;;;;
150;25400;930;9730;1030;3200;;;;;;;
30;25080;690;4390;1040;2720;;;;;;;
70;25520;660;6700;1080;2650;;;;;;;
320;25270;710;12860;1000;2680;;;;;;;
140;25290;1410;10540;990;2980;;;;;;;
240;26320;440;3590;1040;2850;;;;;;;
60;25190;1080;3100;1030;2770;;;;;;;
340;25260;1450;11800;1050;3110;;;;;;;
340;25030;660;11180;1240;3240;;;;;;;
730;24860;1200;11060;1010;2760;;;;;;;
360;25310;2580;10500;1030;3450;;;;;;;
350;25160;460;5260;1070;3020;;;;;;;
70;25280;580;4190;1030;2890;;;;;;;
390;25330;2050;4620;1170;2880;;;;;;;
190;25580;1010;4120;1050;2870;;;;;;;
190;24920;1270;4610;1070;2610;;;;;;;
290;25140;480;12190;1070;2620;;;;;;;
280;25600;580;8700;930;2800;;;;;;;
360;25170;330;8790;1080;3100;;;;;;;
440;24850;200;9100;960;2930;;;;;;;
490;25830;480;11080;1030;3240;;;;;;;
150;25300;410;19280;1190;2850;;;;;;;
100;25610;620;9720;980;2730;;;;;;;
290;25320;680;10920;980;2870;;;;;;;
220;25170;900;10430;950;3000;;;;;;;
20;26800;4900;10120;920;3350;;;;;;;
390;25800;510;10310;980;3080;;;;;;;
180;25720;820;5970;1000;2640;;;;;;;
80;26640;580;3440;1010;2900;;;;;;;
110;25360;790;3720;1050;3170;;;;;;;
390;27760;610;2550;1030;2990;;;;;;;
90;25170;940;2990;960;3210;;;;;;;
190;25240;410;3080;940;2740;;;;;;;
90;25010;480;4480;950;3070;;;;;;;
80;25550;410;4400;1190;2920;;;;;;;
40;25610;640;4110;1050;3670;;;;;;;
860;25230;1100;8980;1080;2830;;;;;;;
310;25310;230;10020;1130;3140;;;;;;;
270;25020;550;5650;1020;2690;;;;;;;
190;25530;210;2580;1080;2970;;;;;;;
70;25400;1060;4420;1020;2710;;;;;;;
180;24950;70;11210;1060;3150;;;;;;;
90;25400;690;5150;1170;2820;;;;;;;
100;25100;550;8680;1070;2680;;;;;;;
250;25130;130;16890;1020;2570;;;;;;;
60;25080;140;5130;1080;2860;;;;;;;
210;25400;520;6200;1080;2630;;;;;;;
200;25340;400;6020;1240;2900;;;;;;;
110;25390;600;5760;1020;3210;;;;;;;
180;25460;520;11330;1090;2870;;;;;;;
240;25080;460;12700;1190;2930;;;;;;;
160;25330;740;10580;1020;2920;;;;;;;
140;25960;920;13390;1030;2640;;;;;;;
300;25330;1290;3490;970;2770;;;;;;;
380;25040;660;3180;980;3260;;;;;;;
490;25270;690;2770;950;3020;;;;;;;
390;25200;920;3430;940;2670;;;;;;;
430;26090;390;11490;1080;2850;;;;;;;
180;25120;660;5670;1090;2660;;;;;;;
350;24970;710;11900;1050;2840;;;;;;;
300;25170;490;12490;1020;2520;;;;;;;
460;24710;510;14030;1160;2780;;;;;;;
340;25350;800;8760;980;2870;;;;;;;
220;25020;670;5390;990;3070;;;;;;;
300;25020;810;3160;930;2700;;;;;;;
250;25060;520;2570;1310;2650;;;;;;;
480;25440;530;3270;1130;2880;;;;;;;
250;25340;580;5510;1050;2790;;;;;;;
290;27450;550;6290;1020;3000;;;;;;;
220;25610;540;2820;1020;2740;;;;;;;
70;25190;470;8530;1050;2900;;;;;;;
90;27500;810;9230;960;2860;;;;;;;
400;25220;1060;8810;980;2890;;;;;;;
240;26680;1690;9650;920;2790;;;;;;;
300;26140;510;11740;950;2740;;;;;;;
330;25520;440;9600;1010;2960;;;;;;;
90;25400;870;11250;1020;2840;;;;;;;
350;25440;480;14510;1040;2740;;;;;;;
210;25100;60;11960;1050;2830;;;;;;;
280;25750;380;12710;960;2660;;;;;;;
300;25050;710;7580;930;2540;;;;;;;
290;25390;250;7910;930;2800;;;;;;;
280;25450;840;8680;960;2940;;;;;;;
340;25050;1260;9140;1060;2520;;;;;;;
350;25280;1060;12160;1070;2950;;;;;;;
250;25160;650;9800;1430;2810;;;;;;;
230;25320;450;11730;970;2830;;;;;;;
370;24760;540;11730;1060;3170;;;;;;;
250;25300;500;9520;10450;2790;;;;;;;
320;25510;670;10990;8820;3250;;;;;;;
400;25360;560;8790;1830;3250;;;;;;;
430;25020;640;3270;1220;3050;;;;;;;
120;25660;470;9530;5510;2840;;;;;;;
240;25390;790;13720;1670;2910;;;;;;;
110;25320;1060;9630;3010;2890;;;;;;;
440;24840;670;9190;1910;3160;;;;;;;
360;25230;1070;10770;1990;3180;;;;;;;
150;25290;570;3860;990;2870;;;;;;;
220;25880;1230;3060;1080;3130;;;;;;;
530;25540;130;7340;1060;3090;;;;;;;
180;25280;570;10370;1280;2730;;;;;;;
220;25220;110;12500;1230;2970;;;;;;;
230;24780;100;8780;1190;2850;;;;;;;
140;25140;130;10720;920;2730;;;;;;;
200;25360;390;9320;930;2950;;;;;;;
80;25050;250;9550;1010;2770;;;;;;;
190;24770;650;16650;1050;3010;;;;;;;
80;28060;520;3360;1080;2810;;;;;;;
